Date,SOFR,Brent,USD_EUR,JPY_EUR
2018-04-03,1.83,68.12,0.812479688,0.007647599
2018-04-04,1.74,68.02,0.814597589,0.007666948
2018-04-05,1.75,68.33,0.815660685,0.007618467
2018-04-06,1.75,67.11,0.817394147,0.007614986
2018-04-09,1.75,68.65,0.812743823,0.007595321
2018-04-10,1.75,71.04,0.808996036,0.007559722
2018-04-11,1.76,72.06,0.80749354,0.007560865
2018-04-12,1.73,72.02,0.811490708,0.007573463
2018-04-13,1.72,72.58,0.811886011,0.007539204
2018-04-16,1.77,71.42,0.808407437,0.007531822
2018-04-17,1.76,71.58,0.80925791,0.007555723
2018-04-18,1.75,73.48,0.807232806,0.007528987
2018-04-19,1.73,73.78,0.80762397,0.007525587
2018-04-20,1.72,74.06,0.812413681,0.0075523
2018-04-23,1.7,74.71,0.817126982,0.007554011
2018-04-24,1.71,73.86,0.81879964,0.007523322
2018-04-25,1.71,74.0,0.820681165,0.007517101
2018-04-26,1.72,74.74,0.821827745,0.007526153
2018-04-27,1.72,74.64,0.828500414,0.007578628
2018-04-30,1.77,75.17,0.827883103,0.007568877
2018-05-02,1.75,73.36,0.832847506,0.007584951
2018-05-03,1.74,73.62,0.83388926,0.00763184
2018-05-04,1.72,74.87,0.835491687,0.007670476
2018-05-07,1.71,76.17,0.840194925,0.007683442
2018-05-08,1.72,74.85,0.842459983,0.00772499
2018-05-09,1.72,77.21,0.841821702,0.007678133
2018-05-10,1.73,77.47,0.841892575,0.007679312
2018-05-11,1.73,77.12,0.837942014,0.00766636
2018-05-14,1.75,78.23,0.834167501,0.007617887
2018-05-15,1.79,78.43,0.841538332,0.007647014
2018-05-16,1.75,79.28,0.848608282,0.00770238
2018-05-17,1.74,79.3,0.847098687,0.007653452
2018-05-18,1.73,78.51,0.848824378,0.007651695
2018-05-21,1.69,79.22,0.85041245,0.007642923
2018-05-22,1.65,79.57,0.847888757,0.007651109
2018-05-23,1.67,79.8,0.854116843,0.007775445
2018-05-24,1.74,78.79,0.8526603,0.007784524
2018-05-25,1.73,76.44,0.856531049,0.007829627
2018-05-29,1.72,75.39,0.865201592,0.007944074
2018-05-30,1.72,77.5,0.859697387,0.007888924
2018-05-31,1.81,77.59,0.854773912,0.007853609
2018-06-01,1.81,76.79,0.856971463,0.007828401
2018-06-04,1.8,75.29,0.852006475,0.007785737
2018-06-05,1.75,75.38,0.856531049,0.00780762
2018-06-06,1.73,75.36,0.849978751,0.007717836
2018-06-07,1.71,77.32,0.844880027,0.007676954
2018-06-08,1.69,76.46,0.850774205,0.007773632
2018-06-11,1.69,76.46,0.848176421,0.007714859
2018-06-12,1.67,75.88,0.848320326,0.007690533
2018-06-13,1.71,76.74,0.850051003,0.007690533
2018-06-14,1.9,75.94,0.852514919,0.007742935
2018-06-15,1.91,73.44,0.862366333,0.007793625
2018-06-18,1.9,75.34,0.861103935,0.007796055
2018-06-19,1.88,75.08,0.867001907,0.007887679
2018-06-20,1.87,74.74,0.863707031,0.00784991
2018-06-21,1.87,73.05,0.866701335,0.007837605
2018-06-22,1.92,75.55,0.858516484,0.007794232
2018-06-25,1.91,74.73,0.854700855,0.007799704
2018-06-26,1.9,76.31,0.856751199,0.007815553
2018-06-27,1.9,77.62,0.860881543,0.00780762
2018-06-28,1.93,77.85,0.863334197,0.007835148
2018-06-29,2.12,79.44,0.857780065,0.007749535
2018-07-02,2.04,77.3,0.859180342,0.00776036
2018-07-03,2.0,77.76,0.857265324,0.007746533
2018-07-05,1.97,77.39,0.854043898,0.007720219
2018-07-06,1.93,77.11,0.852951211,0.007713074
2018-07-09,1.89,78.07,0.848248367,0.007679902
2018-07-10,1.89,78.86,0.853752241,0.007674597
2018-07-11,1.89,73.4,0.852151683,0.007661074
2018-07-12,1.9,74.45,0.857780065,0.00762602
2018-07-13,1.9,75.33,0.858885167,0.007631258
2018-07-16,1.95,71.84,0.853242321,0.007595898
2018-07-17,1.92,72.16,0.854189801,0.007586678
2018-07-18,1.9,72.9,0.861252261,0.007638252
2018-07-19,1.9,72.58,0.862961685,0.007634753
2018-07-20,1.88,73.07,0.856898029,0.007637086
2018-07-23,1.87,73.06,0.853533629,0.007681672
2018-07-24,1.9,73.44,0.854262771,0.007688759
2018-07-25,1.87,73.93,0.855431993,0.00770416
2018-07-26,1.9,74.54,0.853533629,0.007697637
2018-07-27,1.88,74.29,0.860215054,0.007736944
2018-07-30,1.88,74.97,0.855871277,0.007704754
2018-07-31,1.93,74.25,0.852079073,0.007642923
2018-08-01,1.88,72.39,0.85499316,0.007644675
2018-08-02,1.91,73.45,0.860807437,0.007726184
2018-08-03,1.86,73.21,0.862961685,0.007733952
2018-08-06,1.86,73.75,0.866325912,0.007771215
2018-08-07,1.87,74.65,0.861920359,0.007759156
2018-08-08,1.88,72.28,0.862887221,0.0077688
2018-08-09,1.91,72.07,0.862589494,0.007761565
2018-08-10,1.9,72.81,0.872905028,0.007869678
2018-08-13,1.91,72.61,0.876962203,0.007929585
2018-08-14,1.93,72.46,0.876731545,0.007910141
2018-08-15,1.98,70.76,0.883314195,0.007957349
2018-08-16,1.99,71.43,0.879507476,0.007935248
2018-08-17,1.9,71.83,0.87788605,0.007952286
2018-08-20,1.9,72.21,0.875656743,0.007920792
2018-08-21,1.9,72.63,0.869414015,0.007873396
2018-08-22,1.9,74.78,0.860881543,0.00780762
2018-08-23,1.94,74.73,0.863632438,0.007793625
2018-08-24,1.95,75.82,0.862961685,0.007753741
2018-08-27,1.95,76.21,0.859623485,0.007742335
2018-08-28,1.95,75.95,0.853970965,0.007690533
2018-08-29,1.93,77.14,0.857632933,0.007708317
2018-08-30,1.93,77.77,0.855285665,0.007673419
2018-08-31,1.97,77.42,0.858295425,0.007748935
2018-09-04,1.95,78.17,0.864902266,0.00777605
2018-09-05,1.95,77.27,0.863408738,0.007741736
2018-09-06,1.94,76.5,0.859549596,0.007719027
2018-09-07,1.94,76.83,0.860955661,0.007767594
2018-09-10,1.94,77.37,0.864229539,0.007779679
2018-09-11,1.94,79.06,0.86400553,0.00776277
2018-09-12,1.94,79.74,0.863185153,0.007744134
2018-09-13,1.94,78.18,0.860585198,0.007711289
2018-09-14,1.95,78.09,0.855505176,0.007648184
2018-09-17,2.0,78.05,0.856824608,0.007645844
2018-09-18,1.94,79.03,0.854920065,0.00762137
2018-09-19,1.92,79.4,0.857118368,0.007637086
2018-09-20,1.92,78.7,0.849689863,0.007576906
2018-09-21,1.92,78.8,0.85041245,0.007550589
2018-09-24,1.95,81.2,0.849401172,0.007543754
2018-09-25,1.93,81.87,0.849112677,0.007531255
2018-09-26,1.92,81.34,0.852006475,0.007540909
2018-09-27,2.16,81.72,0.854189801,0.007567159
2018-09-28,2.25,82.72,0.863856254,0.007620209
2018-10-01,2.22,84.98,0.861623298,0.007561437
2018-10-02,2.2,84.8,0.866325912,0.007606877
2018-10-03,2.2,86.29,0.865950814,0.007606298
2018-10-04,2.18,84.58,0.869414015,0.007615566
2018-10-05,2.16,84.16,0.869111768,0.00763184
2018-10-09,2.15,85.0,0.874508089,0.00772499
2018-10-10,2.15,83.09,0.869565217,0.007678722
2018-10-11,2.17,80.26,0.863930886,0.007692308
2018-10-12,2.18,80.43,0.86400553,0.007692899
2018-10-15,2.21,80.78,0.863483292,0.007720219
2018-10-16,2.18,81.41,0.863036161,0.007697044
2018-10-17,2.18,80.05,0.867302689,0.007726184
2018-10-18,2.19,79.29,0.86918731,0.007725587
2018-10-19,2.19,79.78,0.871839582,0.007748935
2018-10-22,2.18,79.83,0.87001914,0.007714264
2018-10-23,2.17,76.44,0.871231922,0.007766387
2018-10-24,2.18,76.17,0.878040214,0.007789982
2018-10-25,2.19,76.89,0.87596356,0.007796055
2018-10-26,2.19,77.62,0.881445571,0.007865964
2018-10-29,2.18,77.34,0.878657411,0.007817386
2018-10-30,2.18,75.91,0.879352796,0.007795447
2018-10-31,2.22,75.47,0.88354833,0.007803355
2018-11-01,2.22,72.89,0.877731941,0.00778089
2018-11-02,2.25,72.83,0.875886835,0.007758554
2018-11-05,2.24,73.17,0.879507476,0.007763372
2018-11-06,2.22,72.13,0.875043752,0.007733354
2018-11-07,2.18,72.07,0.870549317,0.007691124
2018-11-08,2.21,70.65,0.87535014,0.007698229
2018-11-09,2.2,70.18,0.881367883,0.007736345
2018-11-13,2.2,65.47,0.888020602,0.007793017
2018-11-14,2.2,66.12,0.885269122,0.007773632
2018-11-15,2.28,66.62,0.884564352,0.007802747
2018-11-16,2.26,66.76,0.881367883,0.007789982
2018-11-19,2.24,66.79,0.875120329,0.007758554
2018-11-20,2.2,62.53,0.875580072,0.007791803
2018-11-21,2.18,63.48,0.876501008,0.007749535
2018-11-23,2.23,58.8,0.880902044,0.00780823
2018-11-26,2.2,60.48,0.880049283,0.007770008
2018-11-27,2.19,60.21,0.882768362,0.007772423
2018-11-28,2.19,58.76,0.886210564,0.007783918
2018-11-29,2.24,59.51,0.878194432,0.007752539
2018-11-30,2.28,58.71,0.880359187,0.007752539
2018-12-03,2.23,61.69,0.88245676,0.007770008
2018-12-04,2.27,62.08,0.876501008,0.007771215
2018-12-06,2.34,60.06,0.880979649,0.007810059
2018-12-07,2.3,61.67,0.879430129,0.007790589
2018-12-10,2.22,59.97,0.875273523,0.007764578
2018-12-11,2.19,60.2,0.878811846,0.00776699
2018-12-12,2.2,60.15,0.881367883,0.007771819
2018-12-13,2.21,61.45,0.879430129,0.007748334
2018-12-14,2.21,60.28,0.886132034,0.007804573
2018-12-17,2.31,59.61,0.881756459,0.007785737
2018-12-18,2.32,56.26,0.878966336,0.007821054
2018-12-19,2.3,57.24,0.876808417,0.007805792
2018-12-20,2.41,54.35,0.873286176,0.007816164
2018-12-21,2.4,53.82,0.876117049,0.007875256
2018-12-24,2.41,50.47,0.87657784,0.007907014
2018-12-27,2.44,52.16,0.878966336,0.007927699
2018-12-28,2.46,52.2,0.873057447,0.007911392
2018-12-31,3.0,53.8,0.873362445,0.007945967
2019-01-02,3.15,54.91,0.877423883,0.008046347
2019-01-03,2.7,55.95,0.881212548,0.008182636
2019-01-04,2.45,57.06,0.876962203,0.008116883
2019-01-07,2.41,57.33,0.873743993,0.008071025
2019-01-08,2.42,58.72,0.874125874,0.00803471
2019-01-09,2.45,61.44,0.872981231,0.008019246
2019-01-10,2.43,61.68,0.866926745,0.008019246
2019-01-11,2.41,60.48,0.867077083,0.008005764
2019-01-14,2.4,58.99,0.872067672,0.008069071
2019-01-15,2.46,60.64,0.87535014,0.008063216
2019-01-16,2.43,61.32,0.878040214,0.008070374
2019-01-17,2.41,61.18,0.877500878,0.008067769
2019-01-18,2.42,62.7,0.877039116,0.008014105
2019-01-22,2.41,61.5,0.880746873,0.00804829
2019-01-23,2.4,61.14,0.879739597,0.008019246
2019-01-24,2.41,61.09,0.881756459,0.008036647
2019-01-25,2.4,61.64,0.881367883,0.00801796
2019-01-28,2.39,59.93,0.875810124,0.008003842
2019-01-29,2.4,61.32,0.875503414,0.00799808
2019-01-30,2.39,61.65,0.874967189,0.007994883
2019-01-31,2.58,61.89,0.870473538,0.008012179
2019-02-01,2.47,62.75,0.871763578,0.008005764
2019-02-04,2.4,62.51,0.873743993,0.007951022
2019-02-05,2.4,61.98,0.875426771,0.007962417
2019-02-06,2.38,62.69,0.877654906,0.007996801
2019-02-07,2.38,61.63,0.881445571,0.008037939
2019-02-08,2.37,62.1,0.881367883,0.008027615
2019-02-11,2.4,61.51,0.884251481,0.00802375
2019-02-12,2.39,62.42,0.885269122,0.008019246
2019-02-13,2.38,63.61,0.884564352,0.007987858
2019-02-14,2.39,64.57,0.887468939,0.007992327
2019-02-15,2.43,66.25,0.888099467,0.008035356
2019-02-19,2.4,66.45,0.88542589,0.007994244
2019-02-20,2.39,67.08,0.881678716,0.00796115
2019-02-21,2.39,67.07,0.880746873,0.007955449
2019-02-22,2.4,67.12,0.883002208,0.00796432
2019-02-25,2.38,64.76,0.880669309,0.007952286
2019-02-26,2.38,65.21,0.880204207,0.00794092
2019-02-27,2.37,66.39,0.878271562,0.007942812
2019-02-28,2.58,66.03,0.87596356,0.00790889
2019-03-01,2.38,65.07,0.878503031,0.007852375
2019-03-04,2.38,65.67,0.882067566,0.0078796
2019-03-05,2.38,65.86,0.88269044,0.007886435
2019-03-06,2.38,65.99,0.884564352,0.007911392
2019-03-07,2.38,66.3,0.887232721,0.007938398
2019-03-08,2.39,65.74,0.891106755,0.00801796
2019-03-11,2.38,66.58,0.889363216,0.008005764
2019-03-12,2.39,66.67,0.88691796,0.007982757
2019-03-13,2.4,67.55,0.884720871,0.007943443
2019-03-14,2.42,67.23,0.885347499,0.007930843
2019-03-15,2.46,67.16,0.884329678,0.007926443
2019-03-18,2.41,67.54,0.881134902,0.007902639
2019-03-19,2.42,67.61,0.880436697,0.007899518
2019-03-20,2.47,68.5,0.880746873,0.007897023
2019-03-21,2.44,67.86,0.878194432,0.00794155
2019-03-22,2.4,67.03,0.884799151,0.008025682
2019-03-25,2.4,67.21,0.883002208,0.008022463
2019-03-26,2.4,67.97,0.885661146,0.00801796
2019-03-27,2.4,67.83,0.888020602,0.008037293
2019-03-28,2.43,67.82,0.891424496,0.008054124
2019-03-29,2.65,68.39,0.890075656,0.008035356
2019-04-01,2.46,69.01,0.88999644,0.008020533
2019-04-02,2.46,69.37,0.892857143,0.008017317
2019-04-03,2.47,69.31,0.88944232,0.007980846
2019-04-04,2.46,69.4,0.89134504,0.00799936
2019-04-05,2.46,70.34,0.890234132,0.007971939
2019-04-08,2.46,71.1,0.889205051,0.007977026
2019-04-09,2.45,70.61,0.886760663,0.007967493
2019-04-10,2.45,71.73,0.886603422,0.007975754
2019-04-11,2.44,70.83,0.887784091,0.007980846
2019-04-12,2.44,71.55,0.883314195,0.007888924
2019-04-15,2.47,71.18,0.883938831,0.007895152
2019-04-16,2.47,71.72,0.884564352,0.007899518
2019-04-17,2.5,71.62,0.884877444,0.007904513
2019-04-18,2.5,71.97,0.888888889,0.007945336
2019-04-23,2.46,74.51,0.889284126,0.007947862
2019-04-24,2.44,74.57,0.892140244,0.007978299
2019-04-25,2.45,74.35,0.899038029,0.008035356
2019-04-26,2.46,72.15,0.898230486,0.008035356
2019-04-29,2.48,72.04,0.896860987,0.008023107
2019-04-30,2.76,72.8,0.891424496,0.008004483
2019-05-02,2.5,70.75,0.891901534,0.00799936
2019-05-03,2.43,70.85,0.896458987,0.008038585
2019-05-06,2.42,71.24,0.892936869,0.00805607
2019-05-07,2.44,69.88,0.894054537,0.008082114
2019-05-08,2.43,70.37,0.892697733,0.008109642
2019-05-09,2.41,70.39,0.893415528,0.008136034
2019-05-10,2.4,70.62,0.89047195,0.00811359
2019-05-13,2.38,70.23,0.889284126,0.008126117
2019-05-14,2.39,71.24,0.890789239,0.008130081
2019-05-15,2.48,71.77,0.894214433,0.008180628
2019-05-16,2.43,72.62,0.892618049,0.008142659
2019-05-17,2.42,72.21,0.89509488,0.008173941
2019-05-20,2.39,71.97,0.895495657,0.008151952
2019-05-21,2.38,72.18,0.895977063,0.008112274
2019-05-22,2.37,70.99,0.895175007,0.008112274
2019-05-23,2.37,67.76,0.897746656,0.008159269
2019-05-24,2.37,68.69,0.893894699,0.008155942
2019-05-28,2.41,70.11,0.893495354,0.008166599
2019-05-29,2.4,69.45,0.89637863,0.008202773
2019-05-30,2.4,66.87,0.898149811,0.008190008
2019-05-31,2.49,64.49,0.896780558,0.008246063
2019-06-03,2.4,61.28,0.894054537,0.008252868
2019-06-04,2.39,61.97,0.889363216,0.008222332
2019-06-05,2.4,60.63,0.888336146,0.00819941
2019-06-06,2.4,61.67,0.887626487,0.008208833
2019-06-07,2.39,63.29,0.887075313,0.008178621
2019-06-10,2.39,62.29,0.884877444,0.008144649
2019-06-11,2.38,62.29,0.883392226,0.008124137
2019-06-12,2.37,59.97,0.883158174,0.008148631
2019-06-13,2.35,61.31,0.885818053,0.008167266
2019-06-14,2.35,62.01,0.887705282,0.008203445
2019-06-17,2.41,60.94,0.890154887,0.008192692
2019-06-18,2.39,62.14,0.893894699,0.008259002
2019-06-19,2.36,61.82,0.892299456,0.00823113
2019-06-20,2.36,64.45,0.884407889,0.008216252
2019-06-21,2.37,65.2,0.883704489,0.00822098
2019-06-24,2.39,64.86,0.877654906,0.008179959
2019-06-25,2.41,65.05,0.878117316,0.008198737
2019-06-26,2.43,66.49,0.880126738,0.008169935
2019-06-27,2.42,66.55,0.879507476,0.008153947
2019-06-28,2.5,66.55,0.878734622,0.008156607
2019-07-01,2.42,65.06,0.881134902,0.008134711
2019-07-02,2.51,62.4,0.884877444,0.008172605
2019-07-03,2.56,63.82,0.885504295,0.008223008
2019-07-05,2.59,64.23,0.888099467,0.008212203
2019-07-08,2.48,64.11,0.891662951,0.008210181
2019-07-09,2.45,64.16,0.892458724,0.008201427
2019-07-10,2.46,67.01,0.891265597,0.008183306
2019-07-11,2.41,66.52,0.886132034,0.008200754
2019-07-12,2.36,66.72,0.888651915,0.008208159
2019-07-15,2.46,66.48,0.887390185,0.008222332
2019-07-16,2.47,64.35,0.891027355,0.008255593
2019-07-17,2.47,63.66,0.891662951,0.008235875
2019-07-18,2.46,61.93,0.891583452,0.008271983
2019-07-19,2.41,62.47,0.890789239,0.008269247
2019-07-22,2.4,63.26,0.891662951,0.008262414
2019-07-23,2.4,63.83,0.895014768,0.008276775
2019-07-24,2.41,63.18,0.897666068,0.008304958
2019-07-25,2.42,63.39,0.89968511,0.00832293
2019-07-26,2.41,63.46,0.897827258,0.008260367
2019-07-29,2.4,63.71,0.899361453,0.00827746
2019-07-30,2.39,64.72,0.896539358,0.008264463
2019-07-31,2.55,65.17,0.896780558,0.008261732
2019-08-01,2.19,60.5,0.906043309,0.008320852
2019-08-02,2.19,61.89,0.900414191,0.008433837
2019-08-05,2.13,59.81,0.894294402,0.008430992
2019-08-06,2.11,58.94,0.893894699,0.008396306
2019-08-07,2.1,56.23,0.892697733,0.008440243
2019-08-08,2.09,57.38,0.893415528,0.00842886
2019-08-09,2.11,58.53,0.89301661,0.008438106
2019-08-12,2.12,58.57,0.893335716,0.008496899
2019-08-13,2.16,61.3,0.891106755,0.008473858
2019-08-14,2.13,59.48,0.893814802,0.008440243
2019-08-15,2.18,58.23,0.896860987,0.008448087
2019-08-16,2.13,58.64,0.902853016,0.008491127
2019-08-19,2.11,59.74,0.90065748,0.008450228
2019-08-20,2.13,60.03,0.902853016,0.008489685
2019-08-21,2.1,60.3,0.900576369,0.008457375
2019-08-22,2.09,59.92,0.902282775,0.00846525
2019-08-23,2.1,59.34,0.903750565,0.008489685
2019-08-26,2.1,58.7,0.899604174,0.008498343
2019-08-27,2.15,59.51,0.900576369,0.008515711
2019-08-28,2.12,60.49,0.902282775,0.00853388
2019-08-29,2.12,61.08,0.903179191,0.008497621
2019-08-30,2.16,60.43,0.906125408,0.008526603
2019-09-03,2.17,58.26,0.914327512,0.008616975
2019-09-04,2.21,60.7,0.907605736,0.008544818
2019-09-05,2.21,60.95,0.904322662,0.008476731
2019-09-06,2.15,61.54,0.906864968,0.008473858
2019-09-09,2.12,62.59,0.906371794,0.008473858
2019-09-10,2.14,62.38,0.905797101,0.008437395
2019-09-11,2.15,60.81,0.908843043,0.008438106
2019-09-12,2.2,60.38,0.912159081,0.008464534
2019-09-13,2.2,60.22,0.901225667,0.008345156
2019-09-16,2.43,69.02,0.906536125,0.008406187
2019-09-17,5.25,64.55,0.906947216,0.008387151
2019-09-18,2.55,63.6,0.904731747,0.008365401
2019-09-19,1.95,64.4,0.903587241,0.008371003
2019-09-20,1.86,64.28,0.906618314,0.008395601
2019-09-23,1.85,64.77,0.910332271,0.008469552
2019-09-24,1.96,63.1,0.908843043,0.008442381
2019-09-25,2.01,62.39,0.910580951,0.008474576
2019-09-26,1.85,62.74,0.91424392,0.008494012
2019-09-27,1.82,61.91,0.914494742,0.008459521
2019-09-30,2.35,60.78,0.918357976,0.008504125
2019-10-01,1.88,58.89,0.91759956,0.008474576
2019-10-02,1.85,57.69,0.915331808,0.008512812
2019-10-03,1.84,57.71,0.913158616,0.008534608
2019-10-04,1.82,58.37,0.910829766,0.00853024
2019-10-07,1.83,58.35,0.90966979,0.008514986
2019-10-08,1.85,58.24,0.910249408,0.008515711
2019-10-09,1.85,58.32,0.910663874,0.008481045
2019-10-10,1.85,59.1,0.906618314,0.008437395
2019-10-11,1.85,60.51,0.905551028,0.008350731
2019-10-15,2.0,58.74,0.908512765,0.008387151
2019-10-16,2.05,59.42,0.907029478,0.008340284
2019-10-17,1.95,59.91,0.899847026,0.00827746
2019-10-18,1.88,59.42,0.897343862,0.008266512
2019-10-21,1.86,58.96,0.895014768,0.008244703
2019-10-22,1.87,59.7,0.898472597,0.008273352
2019-10-23,1.87,61.17,0.899038029,0.008289812
2019-10-24,1.86,61.67,0.898634076,0.008274036
2019-10-25,1.84,62.02,0.900333123,0.008292562
2019-10-28,1.82,61.57,0.901957247,0.008285691
2019-10-29,1.81,61.59,0.901306895,0.008272667
2019-10-30,1.82,60.61,0.900414191,0.008265146
2019-10-31,1.76,60.23,0.896539358,0.008282945
2019-11-01,1.58,61.69,0.897746656,0.008303579
2019-11-04,1.56,62.13,0.89621796,0.008269247
2019-11-05,1.58,62.96,0.900171032,0.008269247
2019-11-06,1.57,61.74,0.901713255,0.008272667
2019-11-07,1.56,62.29,0.902771509,0.008271299
2019-11-08,1.56,62.51,0.90628965,0.008283632
2019-11-12,1.57,62.06,0.907852928,0.0083167
2019-11-13,1.57,62.37,0.908595312,0.008347942
2019-11-14,1.58,62.28,0.909338911,0.008368901
2019-11-15,1.59,63.3,0.90628965,0.008336807
2019-11-18,1.56,62.44,0.904077389,0.008295313
2019-11-19,1.57,60.91,0.902771509,0.008301511
2019-11-20,1.57,62.4,0.90424089,0.008336112
2019-11-21,1.58,63.97,0.901631954,0.008301511
2019-11-22,1.58,63.39,0.904322662,0.008331251
2019-11-25,1.56,63.65,0.908430233,0.008341675
2019-11-26,1.54,64.27,0.907441016,0.008327088
2019-11-27,1.55,64.06,0.908347716,0.008320852
2019-11-29,1.65,62.43,0.910580951,0.008303579
2019-12-02,1.63,60.92,0.907194049,0.008281573
2019-12-03,1.55,60.82,0.903260771,0.008306338
2019-12-04,1.54,63.0,0.902445628,0.0083022
2019-12-05,1.55,63.39,0.901388138,0.008285691
2019-12-06,1.55,64.39,0.901388138,0.008302889
2019-12-09,1.56,64.25,0.902934537,0.00832293
2019-12-10,1.55,64.34,0.902771509,0.008314625
2019-12-11,1.54,63.72,0.902934537,0.008302889
2019-12-12,1.53,64.2,0.897907875,0.008267879
2019-12-13,1.54,65.22,0.89493467,0.008167933
2019-12-16,1.62,65.34,0.897182846,0.008198737
2019-12-17,1.54,66.1,0.895896793,0.008175946
2019-12-18,1.53,66.17,0.89968511,0.008209507
2019-12-19,1.53,66.54,0.899523253,0.008214902
2019-12-20,1.53,66.14,0.901144453,0.008243344
2019-12-23,1.52,66.39,0.902934537,0.008252187
2019-12-24,1.52,67.2,0.902527076,0.008251506
2019-12-27,1.53,68.16,0.896619744,0.008181298
2019-12-30,1.54,68.44,0.893734918,0.008183976
2019-12-31,1.55,66.0,0.890154887,0.008200754
2020-01-02,1.54,66.25,0.893415528,0.008213552
2020-01-03,1.55,68.6,0.897102359,0.008296001
2020-01-06,1.55,68.91,0.893335716,0.008263097
2020-01-07,1.56,68.27,0.89509488,0.00825423
2020-01-08,1.55,65.44,0.89968511,0.008274036
2020-01-09,1.55,65.37,0.900090009,0.008227744
2020-01-10,1.55,64.98,0.901631954,0.008223684
2020-01-13,1.54,64.2,0.898795614,0.008179959
2020-01-14,1.55,64.49,0.89968511,0.008175278
2020-01-15,1.56,64.0,0.897504936,0.008167933
2020-01-16,1.55,64.62,0.895335303,0.008143322
2020-01-17,1.54,64.85,0.900252071,0.008175946
2020-01-21,1.54,64.59,0.89968511,0.008175946
2020-01-22,1.54,63.21,0.901875902,0.008201427
2020-01-23,1.54,62.04,0.901631954,0.008230453
2020-01-24,1.53,60.69,0.906207522,0.008267196
2020-01-27,1.53,59.32,0.907029478,0.008325701
2020-01-28,1.53,59.51,0.908677874,0.008331945
2020-01-29,1.53,59.81,0.909008272,0.008329169
2020-01-30,1.58,58.29,0.906700517,0.008331251
2020-01-31,1.6,58.16,0.904813608,0.008309098
2020-02-03,1.59,54.45,0.903668896,0.008326395
2020-02-04,1.6,53.96,0.905141202,0.008297378
2020-02-05,1.59,55.28,0.907194049,0.008268563
2020-02-06,1.59,54.93,0.908843043,0.008273352
2020-02-07,1.58,54.47,0.911660133,0.008298067
2020-02-10,1.58,53.27,0.913158616,0.008320852
2020-02-11,1.58,54.01,0.917347032,0.008352126
2020-02-12,1.57,55.79,0.916254352,0.008331251
2020-02-13,1.57,56.34,0.920217171,0.008388558
2020-02-14,1.58,57.32,0.922339052,0.008395601
2020-02-18,1.6,57.75,0.924556213,0.0084246
2020-02-19,1.59,59.12,0.925925926,0.008378718
2020-02-20,1.6,59.31,0.926784059,0.008274036
2020-02-21,1.58,58.5,0.9258402,0.008267196
2020-02-24,1.58,56.3,0.924385284,0.008297378
2020-02-25,1.59,54.95,0.922509225,0.008338893
2020-02-26,1.58,53.43,0.91954023,0.008324315
2020-02-27,1.58,52.18,0.912075885,0.008301511
2020-02-28,1.6,50.52,0.910995718,0.008378016
2020-03-02,1.59,51.9,0.899118864,0.008345852
2020-03-03,1.64,51.86,0.899523253,0.008349336
2020-03-04,1.23,51.13,0.898876404,0.008362602
2020-03-05,1.12,49.99,0.893894699,0.008359107
2020-03-06,1.1,45.27,0.882145378,0.008397716
2020-03-09,1.09,34.36,0.872905028,0.008538251
2020-03-10,1.11,37.22,0.877963126,0.00842815
2020-03-11,1.15,35.79,0.882145378,0.008435259
2020-03-12,1.2,33.22,0.889679715,0.008558713
2020-03-13,1.1,33.85,0.900576369,0.008395601
2020-03-16,0.26,30.05,0.896298288,0.008491848
2020-03-17,0.54,28.73,0.910580951,0.008510638
2020-03-18,0.1,24.88,0.914578379,0.008490406
2020-03-19,0.06,28.47,0.9258402,0.008429571
2020-03-20,0.04,26.98,0.933968432,0.008448087
2020-03-23,0.02,27.03,0.9273857,0.008395601
2020-03-24,0.01,27.15,0.922253989,0.008334028
2020-03-25,0.01,27.39,0.923616884,0.008287064
2020-03-26,0.01,26.34,0.910663874,0.008320852
2020-03-27,0.01,24.93,0.910995718,0.008378016
2020-03-30,0.01,22.76,0.90628965,0.00837942
2020-03-31,0.01,22.74,0.912741877,0.008410429
2020-04-01,0.01,24.74,0.914411119,0.008507018
2020-04-02,0.01,29.94,0.916926462,0.008542628
2020-04-03,0.01,34.11,0.927213723,0.00853971
2020-04-06,0.01,33.05,0.926698174,0.008507742
2020-04-07,0.01,31.87,0.918695452,0.008435259
2020-04-08,0.01,32.84,0.919878576,0.0084488
2020-04-09,0.01,31.48,0.920217171,0.008450942
2020-04-14,0.06,29.6,0.912159081,0.008499065
2020-04-15,0.03,27.69,0.917178758,0.008538251
2020-04-16,0.03,27.82,0.918442322,0.008538251
2020-04-17,0.03,28.08,0.920810313,0.008557248
2020-04-20,0.02,25.57,0.920810313,0.00853898
2020-04-21,0.01,19.33,0.922764603,0.008591803
2020-04-22,0.01,20.37,0.920217171,0.008546278
2020-04-23,0.01,21.33,0.928332714,0.008639309
2020-04-24,0.03,21.44,0.925925926,0.008604371
2020-04-27,0.03,19.99,0.921489126,0.008604371
2020-04-28,0.01,20.46,0.91937115,0.008616233
2020-04-29,0.01,22.54,0.922339052,0.00865651
2020-04-30,0.04,25.27,0.919455682,0.008630362
2020-05-04,0.05,27.2,0.913909706,0.008558713
2020-05-05,0.05,30.97,0.922253989,0.008642295
2020-05-06,0.05,29.72,0.925326177,0.008722198
2020-05-07,0.05,29.46,0.9273857,0.008702463
2020-05-08,0.06,30.97,0.922253989,0.008670019
2020-05-11,0.06,29.63,0.923872875,0.008608815
2020-05-12,0.06,29.98,0.920979923,0.008579272
2020-05-13,0.04,29.19,0.91954023,0.008599931
2020-05-14,0.02,31.13,0.926612305,0.008659508
2020-05-15,0.05,32.5,0.926097425,0.00865576
2020-05-18,0.04,34.81,0.923190547,0.008597713
2020-05-19,0.04,34.65,0.913242009,0.008474576
2020-05-20,0.01,35.75,0.912575287,0.008478169
2020-05-21,0.02,36.06,0.909090909,0.00844452
2020-05-22,0.04,35.13,0.917094644,0.008528057
2020-05-26,0.06,36.17,0.911161731,0.008480326
2020-05-27,0.06,34.74,0.90983532,0.008433125
2020-05-28,0.06,35.29,0.907770516,0.00842602
2020-05-29,0.06,35.33,0.897988506,0.008382932
2020-06-01,0.06,38.32,0.899604174,0.008350731
2020-06-02,0.07,39.57,0.89493467,0.00827609
2020-06-03,0.06,39.79,0.893335716,0.008227744
2020-06-04,0.07,39.99,0.888888889,0.008164598
2020-06-05,0.07,42.3,0.882612533,0.008079502
2020-06-08,0.07,40.8,0.886132034,0.008103071
2020-06-09,0.08,41.18,0.88542589,0.008187326
2020-06-10,0.07,41.73,0.879120879,0.008185986
2020-06-11,0.08,38.55,0.881212548,0.008229098
2020-06-12,0.08,38.73,0.884642604,0.008246743
2020-06-15,0.09,39.72,0.888651915,0.00827609
2020-06-16,0.09,40.96,0.884329678,0.008237911
2020-06-17,0.09,40.71,0.89031339,0.008288438
2020-06-18,0.09,41.51,0.891106755,0.008333333
2020-06-19,0.09,42.19,0.89206066,0.008349336
2020-06-22,0.08,43.08,0.891821992,0.008340979
2020-06-23,0.07,42.63,0.88354833,0.008261049
2020-06-24,0.08,40.31,0.886524823,0.008312552
2020-06-25,0.09,41.05,0.892857143,0.008316008
2020-06-26,0.08,41.02,0.891821992,0.008338197
2020-06-29,0.08,41.71,0.886210564,0.008259684
2020-06-30,0.1,41.15,0.89301661,0.008287751
2020-07-01,0.11,42.03,0.892857143,0.008311861
2020-07-02,0.11,43.14,0.886053518,0.008248103
2020-07-06,0.1,43.1,0.883002208,0.008211529
2020-07-07,0.1,43.08,0.885739593,0.008223008
2020-07-08,0.1,43.29,0.886053518,0.008237911
2020-07-09,0.1,42.35,0.881678716,0.008218953
2020-07-10,0.1,43.24,0.886839305,0.008300133
2020-07-13,0.1,42.72,0.88269044,0.008237232
2020-07-14,0.11,42.9,0.879120879,0.008185316
2020-07-15,0.13,43.79,0.873820343,0.008179959
2020-07-16,0.12,43.37,0.876117049,0.008180628
2020-07-17,0.12,43.14,0.875043752,0.008161267
2020-07-20,0.12,43.28,0.873515024,0.008154611
2020-07-21,0.11,44.32,0.873896705,0.008149959
2020-07-22,0.1,44.29,0.863707031,0.00806842
2020-07-23,0.1,43.31,0.864378944,0.008065817
2020-07-24,0.1,43.34,0.861474845,0.008106355
2020-07-27,0.1,43.41,0.850340136,0.008072328
2020-07-28,0.1,43.22,0.853460783,0.00810767
2020-07-29,0.09,43.75,0.852878465,0.008111616
2020-07-30,0.1,42.94,0.851571149,0.008091924
2020-07-31,0.1,43.3,0.844024308,0.008044405
2020-08-03,0.1,44.15,0.852805731,0.008031483
2020-08-04,0.09,44.43,0.849978751,0.008014105
2020-08-05,0.09,45.17,0.843597098,0.00797639
2020-08-06,0.09,45.09,0.844380647,0.008002561
2020-08-07,0.09,44.4,0.84623847,0.008005764
2020-08-10,0.09,44.99,0.850123268,0.008016675
2020-08-11,0.1,44.5,0.848680302,0.00800192
2020-08-12,0.09,45.43,0.849545493,0.00794155
2020-08-13,0.09,44.96,0.845094228,0.007900142
2020-08-14,0.09,44.8,0.846525015,0.007935878
2020-08-17,0.1,45.37,0.84366827,0.007937138
2020-08-18,0.09,45.46,0.839912649,0.007965589
2020-08-19,0.09,45.37,0.838012235,0.007952919
2020-08-20,0.07,44.9,0.843881857,0.007970668
2020-08-21,0.07,44.35,0.849689863,0.008030194
2020-08-24,0.08,45.13,0.844095552,0.007983395
2020-08-25,0.08,45.86,0.84645336,0.007957349
2020-08-26,0.07,45.64,0.848248367,0.007978299
2020-08-27,0.07,45.09,0.847026935,0.007978299
2020-08-28,0.07,45.05,0.839278221,0.007975118
2020-08-31,0.09,45.28,0.837520938,0.007907014
2020-09-01,0.09,45.58,0.83423709,0.007878979
2020-09-02,0.09,44.43,0.843099233,0.007936508
2020-09-03,0.1,44.07,0.846525015,0.007945967
2020-09-04,0.09,42.66,0.844451951,0.007949758
2020-09-08,0.09,39.78,0.848536275,0.00798722
2020-09-09,0.09,40.79,0.849401172,0.007996801
2020-09-10,0.09,40.06,0.843953076,0.007951654
2020-09-11,0.09,39.83,0.843597098,0.007947862
2020-09-14,0.09,39.61,0.842034355,0.007947862
2020-09-15,0.1,40.53,0.840901446,0.007975118
2020-09-16,0.1,42.22,0.842530963,0.00801796
2020-09-17,0.1,43.3,0.847673137,0.008105041
2020-09-18,0.09,43.15,0.845094228,0.008097822
2020-09-21,0.08,41.44,0.848392297,0.008149959
2020-09-22,0.07,41.72,0.851788756,0.008144649
2020-09-23,0.06,41.77,0.855285665,0.008136034
2020-09-24,0.07,41.94,0.858737656,0.008147967
2020-09-25,0.08,41.92,0.859549596,0.008147303
2020-09-28,0.08,42.43,0.856898029,0.00812876
2020-09-29,0.07,41.03,0.854554777,0.00808996
2020-09-30,0.08,40.95,0.854116843,0.008080155
2020-10-01,0.08,40.93,0.850918993,0.008065817
2020-10-02,0.1,39.27,0.852514919,0.008103728
2020-10-05,0.09,41.29,0.849762067,0.00804829
2020-10-06,0.1,42.65,0.847816872,0.008026971
2020-10-07,0.09,41.99,0.849617672,0.008017317
2020-10-08,0.08,43.34,0.849978751,0.008019889
2020-10-09,0.09,42.85,0.847816872,0.008003201
2020-10-13,0.09,42.45,0.848392297,0.008039878
2020-10-14,0.09,43.32,0.85106383,0.008084074
2020-10-15,0.1,43.16,0.854846982,0.008120179
2020-10-16,0.09,42.93,0.851716208,0.00809127
2020-10-19,0.09,42.62,0.848536275,0.008057368
2020-10-20,0.08,43.16,0.846740051,0.008013463
2020-10-21,0.07,41.73,0.843739453,0.008046994
2020-10-22,0.07,42.46,0.845952119,0.008082768
2020-10-23,0.08,41.77,0.843454791,0.008053475
2020-10-26,0.09,40.46,0.84609527,0.008055421
2020-10-27,0.09,41.2,0.845165652,0.008081461
2020-10-28,0.08,39.12,0.852733009,0.008172605
2020-10-29,0.09,37.65,0.854408749,0.008190679
2020-10-30,0.09,37.46,0.854846982,0.008172605
2020-11-02,0.11,38.97,0.858221765,0.008201427
2020-11-03,0.1,39.71,0.854554777,0.008159269
2020-11-04,0.1,41.23,0.853169525,0.008175946
2020-11-05,0.11,40.93,0.843525938,0.008139346
2020-11-06,0.1,39.45,0.842459983,0.008152617
2020-11-09,0.1,42.4,0.841538332,0.008021176
2020-11-10,0.1,43.61,0.846883469,0.008041171
2020-11-12,0.09,43.53,0.848104486,0.00804829
2020-11-13,0.09,42.78,0.846381718,0.008072328
2020-11-16,0.1,43.82,0.845308538,0.008054772
2020-11-17,0.09,43.75,0.841609157,0.00807885
2020-11-18,0.07,44.34,0.842601955,0.008111616
2020-11-19,0.06,44.2,0.845165652,0.008124797
2020-11-20,0.05,44.96,0.842957093,0.008118201
2020-11-23,0.05,46.06,0.840265524,0.008099133
2020-11-24,0.07,47.86,0.842815002,0.008060616
2020-11-25,0.08,48.61,0.841042893,0.008052178
2020-11-27,0.08,48.18,0.838785439,0.008049585
2020-11-30,0.09,47.59,0.834724541,0.008013463
2020-12-01,0.08,47.42,0.835561497,0.008005123
2020-12-02,0.08,48.25,0.82877507,0.007928328
2020-12-03,0.08,48.71,0.822977533,0.007905763
2020-12-04,0.09,49.25,0.822436056,0.00790889
2020-12-07,0.08,48.79,0.824538259,0.007917656
2020-12-08,0.07,48.84,0.825491167,0.007925186
2020-12-09,0.08,48.86,0.825832026,0.00793336
2020-12-10,0.08,50.25,0.825423029,0.007903264
2020-12-11,0.08,49.97,0.824606251,0.00791891
2020-12-14,0.08,50.29,0.822233185,0.007929585
2020-12-15,0.09,50.76,0.823723229,0.007931472
2020-12-16,0.09,51.08,0.820411847,0.007938398
2020-12-17,0.09,51.5,0.816593173,0.007924558
2020-12-18,0.09,52.26,0.815727221,0.007893283
2020-12-21,0.09,50.91,0.821490183,0.007933989
2020-12-22,0.07,50.08,0.817060217,0.007903889
2020-12-23,0.06,51.2,0.821962847,0.007937138
2020-12-24,0.08,51.29,0.820142705,0.007912644
2020-12-28,0.09,50.86,0.818397578,0.007902639
2020-12-29,0.1,51.09,0.815727221,0.007859781
2020-12-30,0.09,51.34,0.814265939,0.007900766
2020-12-31,0.07,51.8,0.814929509,0.007905763
2021-01-04,0.1,51.09,0.813272609,0.007897647
2021-01-05,0.11,53.6,0.814929509,0.007920792
2021-01-06,0.1,54.3,0.810504134,0.007872156
2021-01-07,0.1,54.38,0.814597589,0.007865964
2021-01-08,0.09,55.99,0.816326531,0.007857929
2021-01-11,0.09,55.66,0.822165584,0.007888924
2021-01-12,0.08,56.58,0.822300798,0.007890169
2021-01-13,0.08,56.06,0.821962847,0.00790889
2021-01-14,0.08,56.42,0.824810294,0.007923302
2021-01-15,0.08,55.1,0.82487833,0.007952919
2021-01-19,0.07,55.9,0.824266403,0.007926443
2021-01-20,0.06,56.08,0.826377985,0.007960516
2021-01-21,0.04,56.1,0.822503701,0.007954184
2021-01-22,0.05,55.41,0.822503701,0.007924558
2021-01-25,0.06,55.88,0.822909809,0.00793273
2021-01-26,0.03,55.91,0.823519723,0.00794092
2021-01-27,0.03,55.81,0.825491167,0.007944705
2021-01-28,0.04,55.53,0.827061451,0.00792393
2021-01-29,0.06,55.88,0.823994726,0.007870917
2021-02-01,0.07,56.35,0.827540549,0.007888302
2021-02-02,0.07,57.46,0.830288941,0.007907639
2021-02-03,0.07,58.46,0.832154448,0.007920792
2021-02-04,0.05,58.84,0.833611204,0.00792142
2021-02-05,0.02,59.34,0.834515564,0.007891414
2021-02-08,0.02,60.56,0.831600832,0.007875876
2021-02-09,0.05,61.09,0.826173166,0.007900142
2021-02-10,0.06,61.47,0.824606251,0.007871537
2021-02-11,0.06,61.14,0.823248539,0.007866583
2021-02-12,0.05,62.43,0.825900231,0.007864727
2021-02-16,0.06,63.35,0.823519723,0.007802747
2021-02-17,0.06,64.34,0.829187396,0.007816164
2021-02-18,0.03,63.93,0.827540549,0.007831467
2021-02-19,0.02,62.91,0.823791087,0.007824114
2021-02-22,0.03,65.24,0.824198467,0.0078125
2021-02-23,0.01,65.37,0.823519723,0.007813721
2021-02-24,0.02,67.04,0.823316318,0.007770612
2021-02-25,0.03,66.88,0.81799591,0.007708317
2021-02-26,0.01,66.13,0.825014438,0.007762167
2021-03-01,0.02,63.69,0.829668962,0.007774236
2021-03-02,0.04,62.7,0.831393415,0.007777259
2021-03-03,0.04,64.07,0.83001328,0.007763372
2021-03-04,0.02,66.74,0.830978893,0.007738141
2021-03-05,0.02,69.36,0.83766125,0.007733952
2021-03-08,0.02,68.24,0.842743974,0.007757952
2021-03-09,0.02,67.52,0.840760047,0.007722008
2021-03-10,0.02,67.9,0.840901446,0.007744734
2021-03-11,0.01,69.63,0.835491687,0.007702973
2021-03-12,0.01,69.22,0.838012235,0.007684033
2021-03-15,0.01,68.88,0.838926174,0.007682262
2021-03-16,0.01,68.39,0.838504109,0.007699415
2021-03-17,0.01,68.0,0.83984211,0.007691124
2021-03-18,0.01,63.28,0.83948959,0.007687577
2021-03-19,0.01,64.53,0.840972164,0.007719623
2021-03-22,0.01,64.62,0.838504109,0.007705941
2021-03-23,0.01,60.79,0.841538332,0.007752539
2021-03-24,0.01,64.41,0.845665962,0.00777605
2021-03-25,0.01,61.95,0.847314015,0.00776699
2021-03-26,0.01,64.57,0.848752334,0.00773156
2021-03-29,0.01,64.98,0.848608282,0.007740537
2021-03-30,0.01,64.14,0.851716208,0.0077232
2021-03-31,0.01,63.54,0.852878465,0.007697637
2021-04-01,0.01,64.86,0.851353652,0.007690533
2021-04-06,0.01,62.74,0.846596681,0.007676364
2021-04-07,0.01,63.16,0.841467519,0.007659314
2021-04-08,0.01,63.2,0.842247115,0.007709506
2021-04-09,0.01,62.95,0.841184388,0.007667536
2021-04-12,0.01,63.28,0.840053763,0.007680492
2021-04-13,0.01,63.67,0.840618695,0.007678722
2021-04-14,0.01,66.58,0.835840856,0.007672831
2021-04-15,0.01,66.94,0.835421888,0.007684033
2021-04-16,0.01,66.77,0.834306691,0.007670476
2021-04-19,0.01,67.05,0.830909846,0.007686986
2021-04-20,0.01,66.57,0.829806655,0.007654623
2021-04-21,0.01,65.32,0.832847506,0.00770416
2021-04-22,0.01,65.4,0.830151087,0.007674597
2021-04-23,0.01,66.11,0.82877507,0.007693491
2021-04-26,0.01,65.65,0.827472073,0.007660487
2021-04-27,0.01,66.42,0.827266711,0.007640587
2021-04-28,0.01,67.27,0.828500414,0.007606298
2021-04-29,0.01,68.56,0.824470278,0.007564297
2021-04-30,0.01,67.25,0.827677537,0.00759763
2021-05-03,0.01,67.56,0.830288941,0.007581501
2021-05-04,0.01,68.88,0.831877548,0.007618467
2021-05-05,0.01,68.96,0.832986256,0.007621951
2021-05-06,0.01,68.09,0.829187396,0.007593591
2021-05-07,0.01,68.28,0.829256157,0.007589557
2021-05-10,0.01,68.32,0.82176021,0.007558008
2021-05-11,0.01,68.55,0.821692687,0.007568877
2021-05-12,0.01,69.32,0.825218683,0.007586102
2021-05-13,0.01,67.05,0.827746048,0.007554582
2021-05-14,0.01,68.71,0.82487833,0.007547739
2021-05-17,0.01,69.46,0.823519723,0.007541478
2021-05-18,0.01,68.71,0.818196694,0.007513713
2021-05-19,0.01,66.66,0.818866689,0.007501875
2021-05-20,0.01,65.11,0.819470622,0.007521625
2021-05-21,0.01,66.44,0.82047916,0.007540909
2021-05-24,0.01,68.46,0.818866689,0.007520493
2021-05-25,0.01,68.65,0.815394651,0.007491198
2021-05-26,0.01,68.87,0.817728351,0.007509763
2021-05-27,0.01,69.46,0.819806526,0.007495128
2021-05-28,0.01,69.63,0.823587547,0.00748223
2021-06-01,0.01,70.25,0.81799591,0.007459903
2021-06-02,0.01,71.35,0.820613819,0.007478313
2021-06-03,0.01,71.31,0.820546484,0.007473283
2021-06-04,0.01,71.89,0.825286787,0.007496814
2021-06-07,0.01,71.49,0.822233185,0.007519928
2021-06-08,0.01,72.22,0.82088327,0.007503001
2021-06-09,0.01,72.22,0.8200082,0.007497376
2021-06-10,0.01,72.52,0.821422704,0.007499063
2021-06-11,0.01,72.69,0.824742268,0.007525587
2021-06-14,0.01,72.86,0.825627477,0.007521625
2021-06-15,0.01,73.99,0.825900231,0.007503001
2021-06-16,0.01,74.39,0.824810294,0.007508071
2021-06-17,0.05,73.08,0.837731423,0.007570596
2021-06-18,0.05,73.51,0.840477391,0.007626602
2021-06-21,0.05,74.9,0.840972164,0.007638836
2021-06-22,0.05,74.81,0.840760047,0.007604563
2021-06-23,0.05,75.19,0.836750063,0.007550589
2021-06-24,0.05,75.56,0.837801609,0.007564297
2021-06-25,0.05,76.18,0.836820084,0.007560293
2021-06-28,0.05,74.68,0.839630563,0.007568304
2021-06-29,0.05,74.76,0.841184388,0.00760225
2021-06-30,0.05,75.13,0.841467519,0.007608613
2021-07-01,0.05,75.84,0.841467519,0.007551729
2021-07-02,0.05,76.17,0.845809016,0.007590709
2021-07-06,0.05,74.53,0.844737287,0.007634171
2021-07-07,0.05,73.43,0.845237089,0.007641755
2021-07-08,0.05,74.12,0.844737287,0.007697637
2021-07-09,0.05,75.55,0.843312532,0.007665185
2021-07-12,0.05,75.16,0.843739453,0.0076599
2021-07-13,0.05,76.49,0.844309355,0.0076599
2021-07-14,0.05,74.76,0.846596681,0.007674597
2021-07-15,0.05,73.47,0.846811754,0.007696452
2021-07-16,0.05,73.59,0.847314015,0.007690533
2021-07-19,0.05,68.62,0.84990651,0.007754342
2021-07-20,0.05,69.35,0.8492569,0.007750136
2021-07-21,0.05,72.23,0.849473327,0.007714264
2021-07-22,0.05,73.79,0.8492569,0.00770238
2021-07-23,0.05,74.1,0.849834282,0.007685804
2021-07-26,0.05,74.5,0.848392297,0.00768935
2021-07-27,0.05,74.48,0.846740051,0.007693491
2021-07-28,0.05,74.74,0.846955196,0.007694083
2021-07-29,0.05,76.05,0.842247115,0.007668124
2021-07-30,0.05,76.33,0.840972164,0.0076693
2021-08-02,0.05,72.89,0.84132593,0.007682262
2021-08-03,0.05,72.41,0.841396719,0.0077101
2021-08-04,0.05,70.38,0.843099233,0.007733354
2021-08-05,0.05,71.29,0.843881857,0.007704754
2021-08-06,0.05,70.7,0.846955196,0.007713669
2021-08-09,0.05,69.04,0.850267834,0.007722008
2021-08-10,0.05,70.63,0.853096741,0.0077232
2021-08-11,0.05,71.44,0.85338795,0.007711289
2021-08-12,0.05,71.31,0.851861317,0.007715454
2021-08-13,0.05,70.59,0.849978751,0.007713669
2021-08-16,0.05,69.51,0.849473327,0.00776699
2021-08-17,0.05,69.03,0.849834282,0.007777864
2021-08-18,0.05,68.23,0.85302397,0.007771819
2021-08-19,0.05,66.45,0.85499316,0.007799704
2021-08-20,0.05,65.18,0.856824608,0.007814331
2021-08-23,0.05,68.75,0.85338795,0.007750736
2021-08-24,0.05,71.05,0.851788756,0.007767594
2021-08-25,0.05,72.25,0.852079073,0.007751938
2021-08-26,0.05,71.07,0.849834282,0.007716049
2021-08-27,0.05,72.7,0.850267834,0.007716645
2021-08-30,0.05,73.41,0.847385815,0.007712479
2021-08-31,0.05,72.99,0.845022816,0.007695267
2021-09-01,0.05,71.59,0.84623847,0.007671653
2021-09-02,0.05,73.03,0.844166807,0.007674008
2021-09-03,0.05,72.61,0.842318059,0.007660487
2021-09-07,0.05,71.69,0.84317032,0.007662248
2021-09-08,0.05,72.6,0.845522956,0.007674008
2021-09-09,0.05,71.45,0.844737287,0.007686395
2021-09-10,0.05,72.92,0.844523267,0.007690533
2021-09-13,0.05,73.51,0.848896435,0.007714859
2021-09-14,0.05,73.6,0.84645336,0.007687577
2021-09-15,0.05,75.46,0.845737483,0.007745333
2021-09-16,0.05,75.67,0.850123268,0.007771819
2021-09-17,0.05,75.34,0.848896435,0.007715454
2021-09-20,0.05,73.92,0.853898045,0.007801529
2021-09-21,0.05,74.36,0.85193389,0.007791803
2021-09-22,0.05,76.19,0.852587603,0.007782101
2021-09-23,0.05,77.25,0.853606487,0.007759156
2021-09-24,0.05,78.09,0.853315129,0.007722604
2021-09-27,0.05,79.53,0.854846982,0.007707723
2021-09-28,0.05,79.09,0.856311012,0.007682262
2021-09-29,0.05,78.64,0.858074481,0.007698822
2021-09-30,0.05,78.52,0.863632438,0.007711884
2021-10-01,0.05,79.28,0.862068966,0.007753741
2021-10-04,0.05,81.26,0.859401856,0.007739339
2021-10-05,0.05,82.56,0.861920359,0.007752539
2021-10-06,0.05,81.08,0.86640097,0.00778089
2021-10-07,0.05,81.95,0.864902266,0.007765181
2021-10-08,0.05,82.39,0.864378944,0.007732756
2021-10-12,0.05,83.42,0.865426222,0.007630093
2021-10-13,0.05,83.18,0.864902266,0.007616146
2021-10-14,0.05,84.0,0.861920359,0.007595898
2021-10-15,0.05,84.86,0.861920359,0.007538636
2021-10-18,0.05,84.33,0.861771803,0.007549449
2021-10-19,0.03,85.08,0.858000858,0.007512019
2021-10-20,0.03,85.82,0.860363073,0.007531255
2021-10-21,0.03,84.61,0.859328005,0.007527286
2021-10-22,0.05,85.53,0.859845228,0.007551159
2021-10-25,0.04,85.99,0.861846074,0.007582651
2021-10-26,0.05,86.4,0.860733345,0.007548879
2021-10-27,0.05,84.58,0.860807437,0.007575758
2021-10-28,0.05,84.32,0.862589494,0.007593014
2021-10-29,0.05,84.38,0.858737656,0.007540341
2021-11-01,0.05,84.71,0.863707031,0.007564869
2021-11-02,0.05,84.72,0.861846074,0.007574036
2021-11-03,0.05,81.99,0.863707031,0.007581501
2021-11-04,0.05,80.54,0.864378944,0.007588981
2021-11-05,0.05,82.74,0.868130914,0.007634753
2021-11-08,0.05,83.43,0.863632438,0.007616726
2021-11-09,0.05,84.78,0.863781636,0.007639419
2021-11-10,0.05,82.64,0.865201592,0.007639419
2021-11-12,0.05,82.17,0.873515024,0.007662835
2021-11-15,0.05,82.05,0.873820343,0.007673419
2021-11-16,0.05,82.43,0.87966221,0.007698822
2021-11-17,0.05,80.28,0.883704489,0.007705348
2021-11-18,0.05,81.24,0.881445571,0.00771724
2021-11-19,0.05,78.89,0.887232721,0.007799095
2021-11-22,0.05,79.7,0.886682036,0.007770612
2021-11-23,0.05,82.31,0.888178346,0.007730365
2021-11-24,0.05,82.25,0.892379083,0.007748334
2021-11-26,0.05,72.72,0.885661146,0.00776277
2021-11-29,0.05,73.44,0.886839305,0.007799704
2021-11-30,0.05,70.57,0.880049283,0.007800312
2021-12-01,0.05,68.87,0.883860704,0.007796055
2021-12-02,0.05,69.67,0.881911985,0.007816164
2021-12-03,0.05,69.88,0.885661146,0.007814331
2021-12-06,0.05,73.08,0.885975016,0.007825951
2021-12-07,0.05,75.44,0.888415068,0.00782289
2021-12-08,0.05,75.82,0.885034074,0.007777864
2021-12-09,0.05,74.42,0.884095129,0.007799704
2021-12-10,0.05,75.15,0.887075313,0.007800312
2021-12-13,0.05,74.39,0.886682036,0.007800921
2021-12-14,0.05,73.7,0.884251481,0.00778513
2021-12-15,0.05,73.88,0.887941751,0.007797271
2021-12-16,0.05,75.02,0.882145378,0.007729767
2021-12-17,0.05,73.52,0.882612533,0.007795447
2021-12-20,0.04,71.52,0.887075313,0.007813721
2021-12-21,0.05,73.98,0.885347499,0.007785737
2021-12-22,0.05,75.29,0.884877444,0.007747134
2021-12-23,0.05,76.85,0.884173298,0.007728573
2021-12-27,0.05,78.6,0.884016973,0.007704754
2021-12-28,0.05,78.94,0.882534639,0.007682852
2021-12-29,0.05,79.23,0.884720871,0.007694083
2021-12-30,0.05,79.32,0.882301041,0.00766636
2021-12-31,0.05,77.78,0.882924245,0.007669888
2022-01-03,0.05,78.98,0.880669309,0.007659314
2022-01-04,0.05,80.0,0.886603422,0.007623694
2022-01-05,0.05,80.8,0.883470271,0.00763184
2022-01-06,0.05,81.99,0.883782589,0.007630675
2022-01-07,0.05,81.75,0.885112409,0.007639419
2022-01-10,0.05,80.87,0.88354833,0.007665772
2022-01-11,0.05,83.72,0.882145378,0.007636502
2022-01-12,0.05,84.67,0.879507476,0.007622532
2022-01-13,0.05,84.47,0.872371979,0.007634753
2022-01-14,0.05,86.06,0.873591334,0.007682262
2022-01-18,0.05,87.51,0.879739597,0.0076693
2022-01-19,0.05,88.44,0.881445571,0.007700601
2022-01-20,0.04,88.38,0.881989769,0.007720219
2022-01-21,0.05,87.89,0.881212548,0.007743534
2022-01-24,0.04,86.27,0.884642604,0.007774841
2022-01-25,0.05,88.2,0.887468939,0.007782707
2022-01-26,0.04,89.96,0.886760663,0.00776036
2022-01-27,0.04,89.34,0.896057348,0.007767594
2022-01-28,0.05,90.03,0.897827258,0.007771215
2022-01-31,0.05,91.21,0.89637863,0.007764578
2022-02-01,0.05,89.16,0.888099467,0.007744734
2022-02-02,0.05,89.47,0.883158174,0.007729767
2022-02-03,0.05,91.11,0.886053518,0.007714264
2022-02-04,0.05,93.27,0.872295883,0.007591862
2022-02-07,0.05,92.69,0.873591334,0.007599362
2022-02-08,0.05,90.78,0.87657784,0.007594168
2022-02-09,0.04,91.55,0.874508089,0.007573463
2022-02-10,0.05,91.41,0.87420229,0.007551729
2022-02-11,0.05,94.44,0.875886835,0.007562008
2022-02-14,0.05,96.48,0.883704489,0.007656968
2022-02-15,0.05,93.28,0.881445571,0.007623113
2022-02-16,0.05,94.81,0.879352796,0.007601095
2022-02-17,0.05,92.97,0.879507476,0.007642923
2022-02-18,0.05,93.54,0.880746873,0.007657554
2022-02-22,0.05,96.84,0.881678716,0.007660487
2022-02-23,0.05,96.84,0.881523272,0.007658141
2022-02-24,0.05,99.08,0.895816537,0.007795447
2022-02-25,0.05,97.93,0.891583452,0.007713669
2022-02-28,0.05,100.99,0.892936869,0.007733354
2022-03-01,0.05,104.97,0.895896793,0.007803355
2022-03-02,0.05,112.93,0.900414191,0.00780762
2022-03-03,0.05,110.46,0.902853016,0.007801529
2022-03-04,0.05,118.11,0.914996798,0.007925814
2022-03-07,0.05,123.21,0.917852226,0.007964954
2022-03-08,0.05,127.98,0.918105031,0.007934619
2022-03-09,0.05,111.14,0.90966979,0.007854843
2022-03-10,0.05,109.33,0.902201371,0.007779679
2022-03-11,0.05,112.67,0.909918107,0.007784524
2022-03-14,0.05,106.9,0.912408759,0.007733952
2022-03-15,0.05,99.91,0.90983532,0.007711884
2022-03-16,0.05,98.02,0.909587047,0.00768935
2022-03-17,0.3,106.64,0.904895485,0.007617887
2022-03-18,0.3,107.93,0.908430233,0.00761035
2022-03-21,0.29,115.62,0.905961225,0.007600517
2022-03-22,0.28,115.48,0.907111756,0.007521059
2022-03-23,0.27,121.6,0.910332271,0.007538636
2022-03-24,0.27,119.03,0.910912735,0.007478872
2022-03-25,0.28,120.65,0.90892565,0.00745879
2022-03-28,0.28,112.48,0.911909539,0.007356728
2022-03-29,0.28,110.23,0.902119982,0.00731743
2022-03-30,0.27,113.45,0.898795614,0.007381708
2022-03-31,0.29,107.91,0.900819746,0.007398091
2022-04-01,0.3,104.39,0.904813608,0.007388253
2022-04-04,0.3,107.53,0.908677874,0.00740302
2022-04-05,0.3,106.64,0.911660133,0.0074206
2022-04-06,0.3,101.07,0.915499405,0.007390983
2022-04-07,0.3,100.58,0.916086479,0.007389891
2022-04-08,0.3,102.78,0.920725532,0.007414547
2022-04-11,0.3,98.48,0.917431193,0.007298737
2022-04-12,0.29,104.64,0.920725532,0.007337295
2022-04-13,0.29,108.78,0.923702198,0.007338911
2022-04-14,0.29,111.7,0.919286634,0.007335681
2022-04-19,0.28,107.25,0.925668796,0.007225434
2022-04-20,0.27,106.8,0.923361034,0.007218653
2022-04-21,0.26,108.33,0.918526683,0.007162811
2022-04-22,0.27,106.65,0.924470741,0.007203054
2022-04-25,0.27,102.32,0.93057882,0.007260582
2022-04-26,0.27,104.99,0.936855912,0.00734484
2022-04-27,0.28,105.32,0.944911651,0.007376263
2022-04-28,0.28,107.59,0.953743443,0.00729235
2022-04-29,0.28,109.34,0.948766603,0.007298737
2022-05-02,0.3,107.58,0.950209046,0.007319037
2022-05-03,0.3,104.97,0.947328534,0.007296075
2022-05-04,0.3,110.14,0.949577438,0.007307805
2022-05-05,0.79,110.9,0.946252839,0.007289692
2022-05-06,0.78,112.39,0.946073794,0.007251632
2022-05-09,0.78,105.94,0.947059381,0.00724113
2022-05-10,0.78,102.46,0.947508054,0.00727908
2022-05-11,0.78,107.51,0.947597839,0.007295542
2022-05-12,0.79,107.45,0.960799385,0.00747105
2022-05-13,0.79,111.55,0.962927299,0.007467702
2022-05-16,0.8,114.24,0.959508732,0.007406859
2022-05-17,0.8,111.93,0.948676596,0.007335681
2022-05-18,0.79,109.11,0.950299344,0.00736594
2022-05-19,0.79,112.04,0.950118765,0.007437156
2022-05-20,0.78,112.55,0.945447669,0.007388799
2022-05-23,0.78,113.42,0.938174313,0.007350239
2022-05-24,0.78,113.56,0.932835821,0.007326544
2022-05-25,0.78,114.03,0.938438438,0.007388799
2022-05-26,0.78,117.4,0.934841544,0.007355645
2022-05-27,0.78,119.43,0.932661817,0.007350239
2022-05-31,0.79,122.84,0.933445347,0.00728014
2022-06-01,0.8,116.29,0.933532487,0.007210845
2022-06-02,0.79,117.61,0.935278713,0.007208766
2022-06-03,0.78,119.72,0.931966449,0.007163837
2022-06-06,0.78,119.51,0.932314003,0.007134703
2022-06-07,0.77,120.57,0.937910336,0.007059156
2022-06-08,0.76,123.58,0.931185399,0.006948305
2022-06-09,0.75,123.07,0.930838686,0.006947822
2022-06-10,0.75,122.01,0.945358291,0.007057661
2022-06-13,0.73,122.27,0.956480153,0.007116931
2022-06-14,0.69,121.17,0.956754688,0.007111364
2022-06-15,0.7,118.51,0.958680855,0.007117944
2022-06-16,1.45,119.81,0.961538462,0.007233796
2022-06-17,1.45,113.12,0.953652489,0.007081651
2022-06-21,1.45,114.65,0.947867299,0.006956522
2022-06-22,1.45,111.74,0.950479992,0.006987632
2022-06-23,1.44,110.05,0.953016297,0.007036802
2022-06-24,1.46,113.12,0.950209046,0.007032843
2022-06-27,1.5,115.09,0.945894816,0.006980803
2022-06-28,1.52,117.98,0.94688003,0.006960395
2022-06-29,1.51,116.26,0.950841495,0.006967185
2022-06-30,1.5,114.81,0.962741889,0.007065141
2022-07-01,1.52,111.63,0.959232614,0.007089685
2022-07-05,1.54,102.77,0.971817298,0.007154611
2022-07-06,1.54,100.69,0.982607841,0.007261637
2022-07-07,1.54,104.65,0.982318271,0.007240605
2022-07-08,1.53,107.02,0.983961429,0.007243752
2022-07-11,1.53,107.1,0.990295108,0.007206168
2022-07-12,1.54,99.49,0.995817566,0.007282791
2022-07-13,1.53,99.57,0.993344591,0.007245327
2022-07-14,1.53,99.1,0.99950025,0.007192175
2022-07-15,1.54,101.16,0.994134606,0.007168973
2022-07-18,1.54,106.27,0.987069391,0.007134703
2022-07-19,1.54,107.35,0.976085896,0.007091696
2022-07-20,1.53,106.92,0.980488283,0.007096225
2022-07-21,1.53,103.86,0.980488283,0.007069136
2022-07-22,1.52,103.2,0.981354269,0.007167945
2022-07-25,1.53,105.15,0.976944119,0.00715103
2022-07-26,1.53,104.4,0.987751877,0.007228045
2022-07-27,1.53,106.62,0.985027581,0.007199942
2022-07-28,2.28,107.14,0.987947046,0.007285444
2022-07-29,2.27,110.01,0.980584428,0.007330303
2022-08-01,2.28,100.03,0.977230529,0.007386615
2022-08-02,2.3,100.54,0.978090767,0.00746826
2022-08-03,2.29,96.78,0.980969198,0.007343222
2022-08-04,2.29,94.12,0.982221786,0.007363228
2022-08-05,2.28,94.92,0.977230529,0.007341066
2022-08-08,2.28,96.65,0.980488283,0.007266386
2022-08-09,2.29,96.31,0.97713504,0.00723275
2022-08-10,2.28,97.4,0.97541943,0.007237985
2022-08-11,2.28,99.6,0.967305088,0.007322252
2022-08-12,2.28,98.15,0.972289742,0.007274314
2022-08-15,2.29,95.1,0.980872977,0.007374087
2022-08-16,2.29,92.34,0.987069391,0.007346999
2022-08-17,2.29,93.65,0.98386462,0.00728014
2022-08-18,2.28,96.59,0.982511299,0.007290224
2022-08-19,2.28,96.72,0.994629003,0.007263747
2022-08-22,2.28,96.48,0.99990001,0.00729501
2022-08-23,2.27,100.22,1.007353682,0.007334605
2022-08-24,2.27,101.22,1.006643849,0.007367025
2022-08-25,2.28,99.34,1.003009027,0.007349159
2022-08-26,2.28,100.99,0.99930049,0.007298205
2022-08-29,2.28,105.09,1.001401963,0.007220738
2022-08-30,2.29,99.31,0.996611521,0.007209286
2022-08-31,2.29,96.49,1.0,0.007208766
2022-09-01,2.29,92.36,0.99960016,0.00717669
2022-09-02,2.29,93.02,1.00070049,0.007124537
2022-09-06,2.29,92.83,1.007252216,0.007096728
2022-09-07,2.28,88.0,1.011633789,0.00698324
2022-09-08,2.28,89.15,0.999100809,0.006961364
2022-09-09,2.28,92.84,0.995123893,0.006978367
2022-09-12,2.28,94.0,0.984736583,0.006920894
2022-09-13,2.28,93.17,0.982800983,0.006920415
2022-09-14,2.27,94.1,1.001001001,0.006989097
2022-09-15,2.28,90.84,1.000800641,0.006972042
2022-09-16,2.27,91.35,1.004621258,0.007016067
2022-09-19,2.27,92.0,1.001001001,0.006972528
2022-09-20,2.26,90.62,1.001401963,0.00697642
2022-09-21,2.25,89.83,1.009489198,0.007009673
2022-09-22,2.99,90.46,1.011736139,0.00718494
2022-09-23,2.99,86.15,1.025220422,0.007172058
2022-09-26,2.99,84.06,1.03669915,0.007190623
2022-09-27,2.98,86.27,1.036914144,0.007179782
2022-09-28,2.98,89.32,1.045478306,0.007225956
2022-09-29,2.96,88.49,1.030290542,0.007119465
2022-09-30,2.98,87.96,1.025851457,0.007091696
2022-10-03,3.0,88.86,1.024170422,0.007067637
2022-10-04,3.04,91.8,1.011020119,0.006978367
2022-10-05,3.04,93.37,1.008572869,0.006984216
2022-10-06,3.05,94.42,1.014198783,0.007008691
2022-10-07,3.05,97.92,1.020720629,0.007046223
2022-10-11,3.05,94.29,1.028489149,0.007065141
2022-10-12,3.04,92.45,1.030290542,0.007025432
2022-10-13,3.04,94.57,1.026799466,0.006995942
2022-10-14,3.04,91.63,1.029124215,0.006962334
2022-10-17,3.05,91.62,1.026799466,0.006896552
2022-10-18,3.04,90.03,1.016776817,0.006818957
2022-10-19,3.04,92.41,1.022704029,0.006833402
2022-10-20,3.03,92.38,1.019264091,0.006803184
2022-10-21,3.02,93.5,1.027749229,0.006775527
2022-10-24,3.01,93.26,1.015125368,0.006813846
2022-10-25,3.02,93.52,1.014095933,0.006810133
2022-10-26,3.03,95.69,0.997705278,0.006787945
2022-10-27,3.04,96.96,0.99631364,0.006785642
2022-10-28,3.05,95.77,1.004924128,0.006812453
2022-10-31,3.05,94.83,1.008674602,0.006784261
2022-11-01,3.05,94.65,1.00532824,0.006832935
2022-11-02,3.05,96.16,1.009285426,0.006861063
2022-11-03,3.8,94.67,1.025325541,0.006916586
2022-11-04,3.8,98.57,1.012965964,0.006887527
2022-11-07,3.78,97.92,1.00070049,0.006840881
2022-11-08,3.78,95.36,1.00040016,0.006837607
2022-11-09,3.78,92.65,0.996115151,0.006811061
2022-11-10,3.78,93.67,1.004621258,0.00687427
2022-11-14,3.79,93.14,0.969086152,0.006903217
2022-11-15,3.8,93.86,0.961168781,0.00690417
2022-11-16,3.81,92.86,0.960430273,0.006882786
2022-11-17,3.8,89.78,0.969086152,0.006906077
2022-11-18,3.8,87.62,0.964692263,0.006890849
2022-11-21,3.8,87.45,0.97599063,0.006880892
2022-11-22,3.8,88.36,0.973330738,0.006887052
2022-11-23,3.79,85.41,0.968523002,0.006861063
2022-11-25,3.8,83.63,0.963855422,0.006914673
2022-11-28,3.8,83.19,0.955748829,0.006901311
2022-11-29,3.81,83.03,0.964692263,0.006975446
2022-11-30,3.82,85.43,0.963762529,0.006930968
2022-12-01,3.82,86.88,0.956571647,0.007018529
2022-12-02,3.81,85.57,0.948946669,0.007076139
2022-12-05,3.81,82.68,0.944554642,0.006989586
2022-12-06,3.8,79.35,0.950931913,0.006976906
2022-12-07,3.8,77.17,0.949757812,0.00692329
2022-12-08,3.8,76.15,0.950660709,0.006956522
2022-12-09,3.8,76.1,0.947059381,0.006978367
2022-12-12,3.8,77.99,0.946790381,0.006903217
2022-12-13,3.8,80.68,0.948316738,0.006903693
2022-12-14,3.8,82.7,0.93905531,0.006959911
2022-12-15,4.32,81.21,0.941530929,0.006893224
2022-12-16,4.32,79.04,0.941708259,0.006871435
2022-12-19,4.3,79.8,0.943574259,0.006913239
2022-12-20,4.3,79.99,0.943485234,0.007113387
2022-12-21,4.3,82.2,0.940203084,0.007128092
2022-12-22,4.3,80.98,0.940468353,0.007121493
2022-12-23,4.3,83.92,0.94144229,0.007099247
2022-12-27,4.3,84.33,0.94126506,0.007058159
2022-12-28,4.3,83.26,0.939849624,0.007031854
2022-12-29,4.3,82.26,0.93905531,0.007030371
2022-12-30,4.3,85.91,0.937558597,0.007109342
2023-01-03,4.31,82.1,0.948316738,0.007250054
2023-01-04,4.3,77.84,0.943485234,0.007207727
2023-01-05,4.31,78.69,0.943307235,0.007094714
2023-01-06,4.31,78.57,0.952380952,0.007077141
2023-01-09,4.31,79.65,0.934928945,0.007074637
2023-01-10,4.31,80.1,0.932574839,0.007046223
2023-01-11,4.3,82.67,0.93049223,0.007012131
2023-01-12,4.3,84.03,0.928332714,0.00711187
2023-01-13,4.3,85.28,0.924727205,0.00719321
2023-01-17,4.31,85.92,0.922253989,0.007168459
2023-01-18,4.3,84.98,0.922594335,0.007153588
2023-01-19,4.31,86.16,0.924641701,0.00719321
2023-01-20,4.3,87.63,0.923702198,0.007099247
2023-01-23,4.3,88.19,0.919878576,0.007059654
2023-01-24,4.3,86.13,0.920979923,0.007068636
2023-01-25,4.31,86.12,0.919286634,0.007083658
2023-01-26,4.3,87.47,0.917852226,0.007073136
2023-01-27,4.3,86.66,0.920386562,0.007087172
2023-01-30,4.3,84.9,0.917178758,0.007052684
2023-01-31,4.31,84.49,0.923105326,0.007078644
2023-02-01,4.31,82.84,0.917936479,0.007073637
2023-02-02,4.56,82.17,0.910083728,0.007086168
2023-02-03,4.55,79.94,0.914327512,0.007119972
2023-02-06,4.55,80.99,0.927988122,0.007021979
2023-02-07,4.55,83.69,0.934579439,0.007077141
2023-02-08,4.55,85.09,0.931532371,0.007101768
2023-02-09,4.55,84.5,0.928418903,0.007102273
2023-02-10,4.55,86.39,0.935453695,0.007148985
2023-02-13,4.55,86.61,0.935803856,0.007059654
2023-02-14,4.55,85.58,0.92945441,0.007035317
2023-02-15,4.55,85.38,0.934579439,0.006990563
2023-02-16,4.55,85.14,0.934579439,0.00697788
2023-02-17,4.55,83.0,0.941176471,0.006984216
2023-02-21,4.55,83.05,0.937734434,0.006956038
2023-02-22,4.55,80.6,0.93949643,0.00698129
2023-02-23,4.55,82.21,0.941974378,0.006977393
2023-02-24,4.55,83.16,0.946073794,0.006966214
2023-02-27,4.55,82.45,0.947508054,0.006950236
2023-02-28,4.55,83.89,0.941708259,0.00688563
2023-03-01,4.55,84.31,0.935979034,0.006905124
2023-03-02,4.55,84.75,0.942951438,0.006893224
2023-03-03,4.55,85.83,0.942063118,0.006918021
2023-03-06,4.55,86.18,0.939319932,0.006913717
2023-03-07,4.55,83.29,0.937646507,0.006886578
2023-03-08,4.55,82.66,0.948316738,0.00691085
2023-03-09,4.55,81.59,0.947508054,0.006953136
2023-03-10,4.55,82.78,0.944643869,0.00691085
2023-03-13,4.55,80.77,0.93405567,0.007044238
2023-03-14,4.55,77.45,0.931358853,0.006940107
2023-03-15,4.58,73.69,0.947957152,0.007167945
2023-03-16,4.57,74.7,0.943841435,0.007133685
2023-03-17,4.55,72.97,0.941353667,0.007113893
2023-03-20,4.55,73.79,0.933096949,0.007103786
2023-03-21,4.55,75.32,0.927988122,0.007011148
2023-03-22,4.55,76.69,0.927213723,0.006986655
2023-03-23,4.8,75.91,0.919202133,0.00699937
2023-03-24,4.8,74.99,0.930665426,0.007150518
2023-03-27,4.81,78.12,0.928246542,0.007060152
2023-03-28,4.84,78.65,0.922424131,0.007057661
2023-03-29,4.83,78.28,0.921913893,0.006964758
2023-03-30,4.82,79.27,0.91861106,0.006924249
2023-03-31,4.87,79.77,0.91954023,0.006904647
2023-04-03,4.84,84.93,0.919963201,0.006919936
2023-04-04,4.83,84.94,0.917347032,0.006899407
2023-04-05,4.81,84.99,0.914076782,0.006957006
2023-04-06,4.81,85.12,0.916170408,0.006969127
2023-04-11,4.8,85.61,0.917010546,0.00688326
2023-04-12,4.8,87.33,0.915583227,0.006845095
2023-04-13,4.8,86.09,0.907852928,0.006811525
2023-04-14,4.8,86.31,0.90440445,0.006821282
2023-04-17,4.8,84.76,0.910663874,0.00680411
2023-04-18,4.8,84.77,0.911410864,0.006807815
2023-04-19,4.8,83.12,0.914662032,0.006791633
2023-04-20,4.8,81.1,0.91374269,0.0067815
2023-04-21,4.8,81.66,0.910912735,0.006806425
2023-04-24,4.8,82.73,0.90892565,0.006749005
2023-04-25,4.8,80.77,0.907276356,0.006760868
2023-04-26,4.8,77.69,0.905879156,0.006771856
2023-04-27,4.81,78.37,0.905633037,0.006795325
2023-04-28,4.81,79.54,0.910663874,0.006695681
2023-05-02,4.81,75.32,0.911992704,0.0066357
2023-05-03,4.81,72.33,0.905551028,0.006681812
2023-05-04,5.06,72.5,0.903016074,0.006715015
2023-05-05,5.06,75.3,0.907935355,0.0067659
2023-05-08,5.06,77.01,0.906043309,0.00670466
2023-05-09,5.06,77.44,0.912492016,0.006758127
2023-05-10,5.06,76.41,0.913242009,0.006748549
2023-05-11,5.05,74.98,0.914913083,0.006824075
2023-05-12,5.05,74.17,0.918105031,0.006801796
2023-05-15,5.06,75.23,0.919455682,0.006749916
2023-05-16,5.05,74.91,0.919033177,0.006761782
2023-05-17,5.05,76.96,0.923446302,0.006742634
2023-05-18,5.05,75.86,0.924812725,0.006707808
2023-05-19,5.05,75.58,0.925240563,0.006686727
2023-05-22,5.05,75.99,0.924043615,0.006682705
2023-05-23,5.05,76.84,0.927729845,0.006702413
2023-05-24,5.05,78.36,0.927213723,0.006697924
2023-05-25,5.06,76.26,0.931532371,0.006683152
2023-05-26,5.06,76.95,0.930146033,0.006656017
2023-05-30,5.06,73.54,0.930752048,0.006666222
2023-05-31,5.08,72.66,0.936066648,0.006705559
2023-06-01,5.08,74.28,0.934841544,0.006700168
2023-06-02,5.07,76.13,0.929108984,0.006690753
2023-06-05,5.06,76.71,0.935453695,0.006668445
2023-06-06,5.05,76.29,0.936066648,0.006707358
2023-06-07,5.05,76.95,0.933096949,0.006692545
2023-06-08,5.05,75.96,0.931358853,0.006667556
2023-06-09,5.05,74.79,0.927643785,0.006656017
2023-06-12,5.05,71.84,0.928936368,0.006665334
2023-06-13,5.05,74.29,0.926526452,0.006639225
2023-06-14,5.05,73.2,0.925154963,0.006613319
2023-06-15,5.06,75.67,0.924299843,0.006541934
2023-06-16,5.05,76.61,0.911909539,0.006466214
2023-06-20,5.05,75.9,0.914662032,0.006472073
2023-06-21,5.05,77.12,0.915499405,0.006456195
2023-06-22,5.05,74.14,0.910332271,0.006408202
2023-06-23,5.05,73.85,0.91877986,0.006416838
2023-06-26,5.05,74.18,0.915918666,0.006393453
2023-06-27,5.05,72.26,0.913158616,0.006363752
2023-06-28,5.06,74.03,0.91424392,0.006336333
2023-06-29,5.06,74.34,0.91424392,0.006339546
2023-06-30,5.09,74.9,0.920301859,0.006362942
2023-07-03,5.06,74.65,0.917515368,0.006336734
2023-07-05,5.06,76.65,0.919202133,0.006358896
2023-07-06,5.06,76.52,0.917515368,0.00638692
2023-07-07,5.06,78.47,0.918442322,0.006409846
2023-07-10,5.06,77.69,0.912741877,0.00642137
2023-07-11,5.06,79.4,0.91000091,0.006482142
2023-07-12,5.05,80.11,0.907276356,0.00650026
2023-07-13,5.06,81.36,0.894294402,0.00645828
2023-07-14,5.05,79.87,0.891186169,0.006430455
2023-07-17,5.06,78.5,0.89047195,0.006435835
2023-07-18,5.06,79.63,0.888494003,0.006435006
2023-07-19,5.05,79.46,0.891106755,0.006379178
2023-07-20,5.06,79.64,0.893096365,0.006395907
2023-07-21,5.05,81.07,0.899038029,0.00634397
2023-07-24,5.05,82.74,0.901225667,0.006391001
2023-07-25,5.06,83.64,0.904895485,0.006402868
2023-07-26,5.06,82.92,0.90424089,0.00643915
2023-07-27,5.31,84.24,0.898876404,0.006412312
2023-07-28,5.3,84.99,0.908265213,0.00652103
2023-07-31,5.31,85.56,0.907194049,0.006380399
2023-08-01,5.31,84.91,0.911577028,0.006375518
2023-08-02,5.3,83.2,0.910332271,0.006374299
2023-08-03,5.3,85.14,0.914745701,0.00640041
2023-08-04,5.3,86.24,0.913575735,0.00640574
2023-08-07,5.3,85.34,0.910415149,0.006401639
2023-08-08,5.3,86.17,0.91374269,0.006387736
2023-08-09,5.3,87.55,0.911743253,0.006355259
2023-08-10,5.3,86.4,0.907523369,0.006311936
2023-08-11,5.3,86.81,0.908760451,0.006290495
2023-08-14,5.3,86.21,0.914913083,0.006301991
2023-08-15,5.3,84.89,0.915248032,0.006287726
2023-08-16,5.3,83.45,0.916086479,0.006286541
2023-08-17,5.3,84.12,0.917431193,0.006294058
2023-08-18,5.3,84.8,0.920217171,0.006324711
2023-08-21,5.3,84.46,0.916758343,0.00628338
2023-08-22,5.3,84.03,0.918526683,0.006301197
2023-08-23,5.3,83.21,0.925497455,0.006358087
2023-08-24,5.3,83.36,0.922509225,0.006330717
2023-08-25,5.3,84.48,0.925240563,0.006339144
2023-08-28,5.3,84.42,0.925240563,0.006315125
2023-08-29,5.3,85.49,0.925668796,0.006292078
2023-08-30,5.3,85.86,0.91861106,0.00628338
2023-08-31,5.31,86.86,0.920132499,0.006309546
2023-09-01,5.31,88.55,0.922168941,0.006350416
2023-09-05,5.31,90.04,0.931879601,0.006321113
2023-09-06,5.3,90.6,0.930665426,0.006321912
2023-09-07,5.31,89.92,0.933706816,0.006341154
2023-09-08,5.3,90.65,0.934230194,0.00633553
2023-09-11,5.3,90.64,0.932487878,0.006362942
2023-09-12,5.3,92.06,0.933445347,0.006352433
2023-09-13,5.3,91.88,0.931705954,0.006317918
2023-09-14,5.3,93.7,0.931966449,0.006323911
2023-09-15,5.31,93.93,0.938262338,0.006349206
2023-09-18,5.31,94.43,0.937822376,0.006351626
2023-09-19,5.31,94.34,0.933445347,0.006321113
2023-09-20,5.3,93.53,0.934404784,0.006317918
2023-09-21,5.3,93.3,0.94029149,0.006355663
2023-09-22,5.3,93.27,0.939231708,0.006334326
2023-09-25,5.31,93.29,0.940468353,0.006325911
2023-09-26,5.31,93.96,0.942951438,0.006334326
2023-09-27,5.32,96.55,0.949126803,0.006361323
2023-09-28,5.31,95.38,0.948856628,0.006356067
2023-09-29,5.31,95.31,0.943930527,0.006325111
2023-10-02,5.32,90.71,0.949667616,0.006342361
2023-10-03,5.33,90.92,0.95520107,0.006369021
2023-10-04,5.32,85.81,0.952653139,0.006390593
2023-10-05,5.32,84.07,0.950028501,0.006381214
2023-10-06,5.31,84.58,0.946700748,0.006350416
2023-10-10,5.31,87.65,0.945000945,0.006340752
2023-10-11,5.31,85.82,0.943040362,0.006334326
2023-10-12,5.31,86.0,0.941708259,0.006315125
2023-10-13,5.31,90.89,0.950209046,0.006351626
2023-10-16,5.31,89.65,0.948946669,0.006347594
2023-10-17,5.31,89.9,0.946163308,0.006327912
2023-10-18,5.3,91.5,0.946521533,0.006325111
2023-10-19,5.3,92.38,0.947149081,0.006320713
2023-10-20,5.3,92.16,0.944197904,0.006297229
2023-10-23,5.3,89.83,0.943663301,0.00629287
2023-10-24,5.3,88.07,0.94055681,0.006279041
2023-10-25,5.3,90.13,0.945537065,0.006307159
2023-10-26,5.31,87.93,0.948766603,0.006309944
2023-10-27,5.31,90.48,0.948676596,0.006325911
2023-10-30,5.31,87.45,0.942951438,0.006297229
2023-10-31,5.35,87.41,0.941708259,0.006238303
2023-11-01,5.32,84.63,0.949036728,0.006276282
2023-11-02,5.33,86.85,0.937998312,0.0062543
2023-11-03,5.32,84.89,0.934404784,0.006255082
2023-11-06,5.32,85.18,0.93101201,0.006216199
2023-11-07,5.32,81.61,0.935803856,0.006220066
2023-11-08,5.32,79.54,0.937119295,0.006212338
2023-11-09,5.32,80.01,0.935366196,0.006189268
2023-11-10,5.32,81.43,0.936066648,0.006181616
2023-11-13,5.32,82.52,0.937207123,0.006174364
2023-11-14,5.32,82.47,0.932487878,0.006147415
2023-11-15,5.32,81.18,0.920132499,0.006120326
2023-11-16,5.32,77.42,0.92174394,0.006095703
2023-11-17,5.32,80.61,0.919793966,0.006161809
2023-11-20,5.31,82.32,0.915080527,0.00616827
2023-11-21,5.31,82.45,0.912825194,0.006187736
2023-11-22,5.31,81.96,0.916506278,0.006163328
2023-11-24,5.32,80.58,0.916086479,0.006123699
2023-11-27,5.32,79.98,0.913158616,0.006140243
2023-11-28,5.32,81.68,0.913325418,0.006144771
2023-11-29,5.31,83.1,0.910332271,0.00616827
2023-11-30,5.33,82.83,0.914829384,0.006203859
2023-12-01,5.39,78.88,0.91954023,0.006205784
2023-12-04,5.37,78.03,0.920132499,0.006270772
2023-12-05,5.33,77.2,0.924470741,0.00628417
2023-12-06,5.32,74.3,0.927815921,0.006301197
2023-12-07,5.32,74.05,0.928418903,0.006402868
2023-12-08,5.32,75.84,0.927902014,0.006429628
2023-12-11,5.32,76.03,0.929627219,0.006347594
2023-12-12,5.31,73.24,0.925583117,0.006375925
2023-12-13,5.31,74.26,0.92704181,0.006364157
2023-12-14,5.31,76.61,0.915834783,0.006459948
2023-12-15,5.32,76.55,0.913575735,0.006445375
2023-12-18,5.32,77.95,0.915918666,0.006412312
2023-12-19,5.31,79.23,0.912242292,0.006321113
2023-12-20,5.31,79.7,0.91374269,0.006364562
2023-12-21,5.31,79.39,0.910498042,0.006377958
2023-12-22,5.32,79.07,0.907194049,0.00638325
2023-12-27,5.39,79.65,0.903750565,0.006336734
2023-12-28,5.4,78.39,0.899766061,0.00638692
2023-12-29,5.38,77.04,0.904977376,0.006396725
2024-01-02,5.4,75.89,0.912741877,0.006423433
2024-01-03,5.39,78.25,0.915834783,0.006403689
2024-01-04,5.32,77.59,0.912991874,0.006332721
2024-01-05,5.31,78.76,0.915667063,0.006306363
2024-01-08,5.31,76.12,0.913575735,0.006321512
2024-01-09,5.31,77.59,0.914076782,0.00634397
2024-01-10,5.31,76.8,0.913575735,0.006288122
2024-01-11,5.31,77.41,0.91016656,0.006261349
2024-01-12,5.31,78.29,0.913909706,0.006282591
2024-01-16,5.32,78.29,0.918948723,0.006264094
2024-01-17,5.32,77.88,0.91937115,0.006224712
2024-01-18,5.31,79.1,0.91954023,0.006215427
2024-01-19,5.31,78.56,0.918526683,0.006204629
2024-01-22,5.31,80.06,0.918273646,0.00621311
2024-01-23,5.31,79.55,0.919793966,0.006215813
2024-01-24,5.31,80.04,0.917010546,0.006232083
2024-01-25,5.32,82.43,0.918020747,0.006218519
2024-01-26,5.32,83.55,0.919878576,0.006225875
2024-01-29,5.31,82.4,0.923958237,0.006244926
2024-01-30,5.31,82.87,0.921998894,0.006251172
2024-01-31,5.32,81.71,0.922764603,0.006242587
2024-02-01,5.32,78.7,0.924727205,0.006290891
2024-02-02,5.32,77.33,0.918864284,0.006266449
2024-02-05,5.31,77.99,0.93057882,0.006260957
2024-02-06,5.31,78.59,0.930838686,0.006267235
2024-02-07,5.31,79.21,0.927988122,0.006261349
2024-02-08,5.31,81.63,0.929540807,0.006228589
2024-02-09,5.31,82.19,0.928332714,0.00621118
2024-02-12,5.31,82.0,0.928246542,0.006230141
2024-02-13,5.31,82.77,0.926526452,0.006204629
2024-02-14,5.3,81.6,0.933445347,0.006200397
2024-02-15,5.31,82.86,0.930838686,0.006201166
2024-02-16,5.3,83.47,0.928677563,0.006177415
2024-02-20,5.3,82.34,0.92575449,0.006165988
2024-02-21,5.3,83.03,0.925154963,0.00616827
2024-02-22,5.3,83.67,0.922168941,0.006130456
2024-02-23,5.31,81.62,0.923020122,0.006138359
2024-02-26,5.31,82.53,0.921489126,0.0061207
2024-02-27,5.31,83.65,0.921149595,0.006133464
2024-02-28,5.31,83.68,0.925240563,0.006139866
2024-02-29,5.32,83.62,0.923702198,0.00615271
2024-03-01,5.31,83.55,0.924812725,0.006141752
2024-03-04,5.31,82.8,0.921998894,0.0061267
2024-03-05,5.31,82.04,0.92174394,0.006134593
2024-03-06,5.31,82.96,0.919624793,0.006147415
2024-03-07,5.31,82.96,0.917852226,0.00620771
2024-03-08,5.31,82.08,0.914745701,0.006211566
2024-03-11,5.31,82.21,0.915248032,0.006233248
2024-03-12,5.31,81.92,0.916086479,0.006196171
2024-03-13,5.31,84.03,0.914160344,0.006179324
2024-03-14,5.31,85.42,0.915331808,0.006184292
2024-03-15,5.31,85.34,0.918105031,0.006171697
2024-03-18,5.31,86.89,0.918105031,0.006153467
2024-03-19,5.31,87.38,0.921319329,0.006121075
2024-03-20,5.31,85.95,0.922168941,0.00607755
2024-03-21,5.31,85.78,0.916842395,0.006062076
2024-03-22,5.31,85.43,0.923958237,0.006107243
2024-03-25,5.31,86.75,0.922934933,0.006105752
2024-03-26,5.32,86.25,0.921234454,0.006082725
2024-03-27,5.33,86.09,0.924556213,0.00611546
2024-03-28,5.34,87.48,0.924983813,0.006118079
2024-04-02,5.34,88.92,0.930319099,0.006134593
2024-04-03,5.32,89.35,0.9273857,0.006110229
2024-04-04,5.32,90.65,0.921489126,0.006072014
2024-04-05,5.32,91.17,0.922424131,0.006093845
2024-04-08,5.31,90.38,0.923958237,0.006081615
2024-04-09,5.31,89.42,0.920217171,0.006061708
2024-04-10,5.31,90.48,0.920810313,0.006064649
2024-04-11,5.31,89.74,0.932053313,0.006090876
2024-04-12,5.31,90.45,0.938790837,0.006128953
2024-04-15,5.32,90.1,0.938438438,0.006095703
2024-04-16,5.31,90.02,0.940114694,0.00607755
2024-04-17,5.31,87.29,0.940026321,0.00607755
2024-04-18,5.3,87.11,0.936417268,0.006067225
2024-04-19,5.31,87.29,0.938702713,0.006072383
2024-04-22,5.31,87.0,0.94055681,0.006078658
2024-04-23,5.31,88.42,0.936855912,0.00605217
2024-04-24,5.31,88.02,0.935803856,0.006039741
2024-04-25,5.31,89.01,0.932835821,0.005996642
2024-04-26,5.32,89.5,0.933358223,0.005951318
2024-04-29,5.32,88.4,0.932835821,0.00596908
2024-04-30,5.34,87.86,0.93300989,0.00594283
2024-05-02,5.31,83.67,0.93475416,0.006037554
2024-05-03,5.31,82.96,0.930752048,0.006074596
2024-05-06,5.31,83.33,0.927988122,0.006035003
2024-05-07,5.31,83.16,0.928850084,0.00600781
2024-05-08,5.31,83.58,0.930838686,0.00598265
2024-05-09,5.31,83.88,0.931792769,0.005976572
2024-05-10,5.31,82.79,0.927729845,0.005956991
2024-05-13,5.31,83.36,0.926354794,0.005943536
2024-05-14,5.31,82.38,0.926268989,0.005921014
2024-05-15,5.31,82.75,0.923190547,0.005937185
2024-05-16,5.31,83.27,0.920301859,0.005940712
2024-05-17,5.31,83.98,0.922168941,0.005918561
2024-05-20,5.31,83.71,0.920725532,0.005908419
2024-05-21,5.31,82.88,0.920471281,0.005887201
2024-05-22,5.31,81.9,0.923361034,0.005898313
2024-05-23,5.31,81.36,0.921319329,0.005885815
2024-05-24,5.32,82.12,0.922509225,0.00587268
2024-05-28,5.32,84.22,0.918948723,0.005863727
2024-05-29,5.33,83.6,0.921064751,0.005856858
2024-05-30,5.33,81.86,0.924641701,0.005899705
2024-05-31,5.34,81.62,0.921489126,0.005864415
2024-06-03,5.35,78.36,0.922339052,0.00587924
2024-06-04,5.33,77.52,0.920386562,0.005942124
2024-06-05,5.33,78.41,0.919793966,0.005892058
2024-06-06,5.33,79.87,0.920386562,0.005891363
2024-06-07,5.33,79.62,0.91759956,0.005899009
2024-06-10,5.32,81.63,0.929713648,0.005926277
2024-06-11,5.32,81.92,0.931966449,0.005936127
2024-06-12,5.31,82.6,0.928936368,0.005904931
2024-06-13,5.31,82.75,0.927299703,0.005896922
2024-06-14,5.31,82.62,0.935803856,0.005959476
2024-06-17,5.33,84.25,0.933532487,0.005913311
2024-06-18,5.33,85.33,0.933271115,0.005902839
2024-06-20,5.32,85.71,0.932922847,0.005888588
2024-06-21,5.31,85.24,0.935628743,0.005888588
2024-06-24,5.31,86.01,0.931966449,0.005842145
2024-06-25,5.33,85.01,0.933358223,0.00585343
2024-06-26,5.34,85.25,0.935541211,0.005833625
2024-06-27,5.34,86.39,0.934928945,0.005825469
2024-06-28,5.33,86.41,0.934142924,0.005815982
2024-07-01,5.4,86.6,0.930665426,0.005775339
2024-07-02,5.35,86.24,0.932053313,0.005770008
2024-07-03,5.33,87.34,0.929540807,0.005741187
2024-07-05,5.32,86.54,0.923872875,0.005745145
2024-07-08,5.32,85.75,0.922934933,0.005734931
2024-07-09,5.34,84.66,0.924727205,0.005740528
2024-07-10,5.34,85.08,0.923787529,0.005721151
2024-07-11,5.34,85.4,0.921234454,0.005701579
2024-07-12,5.34,85.03,0.918273646,0.005784694
2024-07-15,5.34,84.85,0.916842395,0.005802483
2024-07-16,5.35,83.73,0.917262888,0.005792065
2024-07-17,5.35,85.08,0.914578379,0.00584078
2024-07-18,5.34,85.11,0.914913083,0.005847269
2024-07-19,5.34,82.63,0.918273646,0.005827166
2024-07-22,5.33,82.4,0.918442322,0.005854801
2024-07-23,5.34,81.01,0.920810313,0.005894836
2024-07-24,5.34,81.71,0.921828909,0.005979788
2024-07-25,5.35,82.37,0.921574048,0.006037918
2024-07-26,5.35,81.13,0.920810313,0.005958055
2024-07-29,5.33,79.78,0.924470741,0.006008171
2024-07-30,5.33,78.63,0.923872875,0.005966231
2024-07-31,5.38,80.72,0.923531585,0.006144016
2024-08-01,5.35,79.52,0.92686996,0.006147793
2024-08-02,5.35,76.81,0.922934933,0.006196939
2024-08-05,5.32,76.3,0.911909539,0.006411078
2024-08-06,5.33,76.48,0.916170408,0.006317518
2024-08-07,5.33,78.33,0.915583227,0.006225875
2024-08-08,5.34,79.16,0.914913083,0.006260173
2024-08-09,5.34,79.66,0.916002565,0.006237136
2024-08-12,5.34,82.3,0.915331808,0.00620155
2024-08-13,5.34,80.69,0.914829384,0.006204629
2024-08-14,5.33,79.76,0.907523369,0.006173602
2024-08-15,5.35,81.04,0.908182726,0.00616751
2024-08-16,5.32,79.68,0.909587047,0.006145526
2024-08-19,5.32,77.66,0.905715062,0.006202704
2024-08-20,5.32,77.2,0.902201371,0.006165988
2024-08-21,5.31,76.05,0.899604174,0.006162948
2024-08-22,5.31,77.22,0.898069151,0.006148549
2024-08-23,5.33,79.02,0.899199712,0.006158773
2024-08-26,5.34,81.43,0.895816537,0.006213496
2024-08-27,5.35,79.55,0.895896793,0.006201935
2024-08-28,5.35,78.65,0.899523253,0.006227813
2024-08-29,5.33,79.94,0.901875902,0.006235969
2024-08-30,5.32,78.8,0.901957247,0.006203859
2024-09-03,5.34,73.75,0.906207522,0.006201166
2024-09-04,5.35,72.7,0.904977376,0.00623986
2024-09-05,5.35,72.69,0.901144453,0.006281407
2024-09-06,5.34,71.06,0.90065748,0.006292078
2024-09-09,5.34,71.84,0.905551028,0.006307954
2024-09-10,5.33,69.19,0.906536125,0.006336734
2024-09-11,5.32,70.61,0.905551028,0.006385696
2024-09-12,5.33,71.97,0.907770516,0.006368615
2024-09-13,5.33,71.61,0.902445628,0.006403278
2024-09-16,5.38,72.75,0.898795614,0.006424258
2024-09-17,5.38,73.7,0.897746656,0.006381214
2024-09-18,5.33,73.65,0.89895721,0.006331518
2024-09-19,4.82,74.88,0.89637863,0.006268413
2024-09-20,4.83,74.49,0.895575855,0.006208095
2024-09-23,4.83,73.9,0.899361453,0.006266449
2024-09-24,4.84,75.17,0.898230486,0.006244536
2024-09-25,4.84,73.46,0.893335716,0.006192334
2024-09-26,4.83,71.6,0.896458987,0.006219679
2024-09-27,4.84,71.98,0.89621796,0.006264487
2024-09-30,4.96,71.77,0.893176134,0.006257039
2024-10-01,5.05,73.56,0.902038607,0.006274707
2024-10-02,4.92,73.9,0.903260771,0.00623986
2024-10-03,4.85,77.62,0.905879156,0.006173602
2024-10-04,4.83,78.05,0.906700517,0.006184674
2024-10-07,4.83,80.93,0.910580951,0.006148927
2024-10-08,4.84,77.18,0.910580951,0.006154225
2024-10-09,4.83,76.58,0.912658574,0.006136099
2024-10-10,4.82,79.4,0.914745701,0.00614062
2024-10-11,4.81,79.04,0.91424392,0.006137228
2024-10-15,4.86,74.25,0.917178758,0.00614062
2024-10-16,4.86,74.22,0.917683766,0.006151196
2024-10-17,4.85,74.45,0.920301859,0.006153846
2024-10-18,4.84,73.06,0.921913893,0.006144393
2024-10-21,4.82,74.29,0.92140422,0.006142883
2024-10-22,4.83,76.04,0.924129008,0.0061267
2024-10-23,4.83,74.96,0.928763815,0.00607312
2024-10-24,4.83,74.38,0.9258402,0.006093103
2024-10-25,4.83,76.05,0.923787529,0.006080876
2024-10-28,4.82,71.42,0.924385284,0.006054002
2024-10-29,4.82,71.12,0.928160386,0.00603646
2024-10-30,4.81,72.55,0.924641701,0.006027364
2024-10-31,4.9,73.16,0.918948723,0.006013229
2024-11-01,4.86,73.1,0.918695452,0.006040836
2024-11-04,4.82,75.08,0.917094644,0.006043392
2024-11-05,4.82,75.53,0.917683766,0.006026638
2024-11-06,4.81,74.92,0.935016363,0.00605877
2024-11-07,4.82,75.63,0.927213723,0.006034639
2024-11-08,4.6,73.87,0.928332714,0.006090876
2024-11-12,4.6,71.89,0.941885655,0.006108362
2024-11-13,4.59,72.28,0.940822279,0.006071277
2024-11-14,4.58,72.56,0.949397133,0.006088651
2024-11-15,4.57,71.04,0.944911651,0.006084205
2024-11-18,4.57,73.3,0.947687642,0.006107243
2024-11-19,4.57,73.31,0.945358291,0.006145904
2024-11-20,4.56,72.81,0.946790381,0.006081985
2024-11-21,4.57,74.23,0.950028501,0.00615271
2024-11-22,4.57,75.17,0.960430273,0.006217359
2024-11-25,4.58,73.01,0.952834683,0.006186587
2024-11-26,4.58,72.81,0.95038966,0.006206169
2024-11-27,4.57,72.83,0.949577438,0.006263702
2024-11-29,4.59,72.94,0.946790381,0.00630358
2024-12-02,4.64,71.83,0.951746455,0.006339546
2024-12-03,4.64,73.62,0.95129376,0.006357279
2024-12-04,4.59,72.31,0.953107129,0.006305568
2024-12-05,4.59,72.09,0.948766603,0.006308352
2024-12-06,4.6,71.12,0.945090256,0.006279435
2024-12-09,4.63,72.14,0.946252839,0.006273526
2024-12-10,4.64,72.19,0.949938254,0.006260173
2024-12-11,4.62,73.52,0.951746455,0.006236358
2024-12-12,4.62,73.41,0.953197979,0.006265664
2024-12-13,4.6,74.49,0.950751093,0.006193868
2024-12-16,4.65,73.91,0.952562393,0.006183145
2024-12-17,4.62,73.19,0.952653139,0.00618697
2024-12-18,4.57,73.39,0.952743902,0.006191184
2024-12-19,4.3,72.88,0.962000962,0.006132336
2024-12-20,4.3,72.94,0.962463908,0.006139112
2024-12-23,4.31,72.63,0.962186087,0.00612145
2024-12-24,4.4,73.58,0.962000962,0.006125574
2024-12-27,4.46,74.17,0.958313368,0.006073489
2024-12-30,4.37,74.39,0.957487553,0.006076442
2024-12-31,4.49,74.64,0.96255655,0.006132712
2025-01-02,4.4,75.93,0.968898363,0.006171316
2025-01-03,4.31,76.51,0.970968055,0.006181616
2025-01-06,4.27,76.3,0.95914061,0.006125574
2025-01-07,4.27,77.05,0.962186087,0.006102771
2025-01-08,4.29,76.16,0.972195217,0.006137228
2025-01-09,4.3,76.92,0.970402717,0.006151575
2025-01-10,4.3,79.76,0.970496894,0.006140243
2025-01-13,4.29,81.01,0.980584428,0.006241418
2025-01-14,4.28,79.92,0.976085896,0.00618697
2025-01-15,4.28,82.03,0.970873786,0.00618238
2025-01-16,4.29,81.29,0.973520249,0.006232083
2025-01-17,4.29,80.79,0.971062342,0.006241029
2025-01-21,4.29,78.4,0.965530559,0.006201166
2025-01-22,4.3,78.15,0.95757924,0.006145526
2025-01-23,4.35,77.56,0.961168781,0.006150818
2025-01-24,4.34,77.55,0.954927426,0.006101281
2025-01-27,4.34,77.08,0.949667616,0.006164848
2025-01-28,4.35,77.49,0.959600806,0.006178179
2025-01-29,4.35,76.58,0.961908426,0.00619195
2025-01-30,4.36,76.87,0.961261175,0.006237525
2025-01-31,4.38,76.76,0.962186087,0.006211566
2025-02-03,4.35,75.96,0.973330738,0.006294455
2025-02-04,4.33,76.2,0.967585873,0.006229753
2025-02-05,4.33,74.61,0.959508732,0.006279435
2025-02-06,4.36,74.29,0.965250965,0.006331117
2025-02-07,4.35,74.66,0.963669654,0.006338341
2025-02-10,4.35,75.87,0.968992248,0.006372674
2025-02-11,4.34,77.0,0.968616815,0.006358087
2025-02-12,4.32,75.18,0.964320154,0.006280618
2025-02-13,4.33,75.02,0.962463908,0.006258214
2025-02-14,4.33,74.74,0.954380607,0.006246486
2025-02-18,4.37,75.43,0.957212597,0.006307159
2025-02-19,4.35,75.67,0.958405214,0.006312733
2025-02-20,4.33,76.05,0.95757924,0.006385696
2025-02-21,4.34,74.05,0.955566173,0.006350819
2025-02-24,4.34,74.31,0.955474871,0.006377144
2025-02-25,4.33,73.02,0.952653139,0.006361728
2025-02-26,4.33,72.53,0.953561552,0.006381621
2025-02-27,4.36,74.04,0.9544717,0.006380399
2025-02-28,4.39,73.18,0.960522524,0.00637105
2025-03-03,4.33,71.62,0.955566173,0.006315922
2025-03-04,4.33,71.04,0.947238799,0.006389776
2025-03-05,4.34,69.3,0.935103797,0.006246486
2025-03-06,4.35,69.46,0.926268989,0.006279829
2025-03-07,4.34,70.36,0.921064751,0.006236358
2025-03-10,4.33,69.28,0.92208391,0.006273919
2025-03-11,4.32,69.56,0.916422287,0.006191184
2025-03-12,4.31,70.95,0.91861106,0.006164088
2025-03-13,4.3,69.88,0.923361034,0.0062251
2025-03-14,4.3,70.58,0.918357976,0.006177415
2025-03-17,4.32,70.6,0.917178758,0.006162948
2025-03-18,4.31,70.12,0.915918666,0.006116208
2025-03-19,4.29,70.32,0.917683766,0.006124824
2025-03-20,4.29,71.47,0.923105326,0.006216972
2025-03-21,4.3,71.61,0.923616884,0.006211566
2025-03-24,4.31,72.37,0.923872875,0.006167129
2025-03-25,4.33,73.02,0.923787529,0.00616067
2025-03-26,4.35,73.79,0.926955877,0.006165228
2025-03-27,4.36,74.03,0.927213723,0.006151953
2025-03-28,4.34,73.63,0.926183199,0.006148549
2025-03-31,4.41,74.74,0.924641701,0.006188119
2025-04-01,4.39,74.49,0.926955877,0.006213882
2025-04-02,4.37,74.95,0.925668796,0.006202704
2025-04-03,4.39,70.14,0.901144453,0.006166369
2025-04-04,4.35,65.58,0.90440445,0.006228201
2025-04-07,4.33,64.21,0.911826388,0.006227426
2025-04-08,4.4,62.82,0.913242009,0.006224712
2025-04-09,4.42,65.48,0.905387053,0.006265272
2025-04-10,4.37,63.33,0.902364194,0.006200397
2025-04-11,4.33,64.76,0.881367883,0.006170173
2025-04-14,4.33,64.88,0.878966336,0.006136099
2025-04-15,4.36,64.67,0.883080184,0.00617856
2025-04-16,4.31,65.85,0.880669309,0.006169412
2025-04-17,4.32,67.96,0.88028169,0.006173602
2025-04-22,4.3,66.48,0.871383757,0.006209252
2025-04-23,4.28,65.18,0.876040298,0.006185057
2025-04-24,4.29,66.55,0.879043601,0.006166749
2025-04-25,4.33,66.87,0.88051422,0.006142506
2025-04-28,4.36,65.86,0.880436697,0.006142506
2025-04-29,4.36,64.25,0.879275477,0.006162189
2025-04-30,4.41,63.12,0.879275477,0.006147037
2025-05-02,4.36,61.29,0.881600987,0.006100165
2025-05-05,4.33,60.23,0.881600987,0.006127826
2025-05-06,4.32,62.15,0.883002208,0.006186587
