date;Rate Type;rate;volume
06/05/2025;SOFR;4,32;2620
05/05/2025;SOFR;4,33;2632
02/05/2025;SOFR;4,36;2694
01/05/2025;SOFR;4,39;2789
30/04/2025;SOFR;4,41;2830
29/04/2025;SOFR;4,36;2623
28/04/2025;SOFR;4,36;2567
25/04/2025;SOFR;4,33;2565
24/04/2025;SOFR;4,29;2542
23/04/2025;SOFR;4,28;2475
22/04/2025;SOFR;4,3;2527
21/04/2025;SOFR;4,32;2469
17/04/2025;SOFR;4,32;2505
16/04/2025;SOFR;4,31;2513
15/04/2025;SOFR;4,36;2526
14/04/2025;SOFR;4,33;2561
11/04/2025;SOFR;4,33;2584
10/04/2025;SOFR;4,37;2657
09/04/2025;SOFR;4,42;2663
08/04/2025;SOFR;4,4;2658
07/04/2025;SOFR;4,33;2630
04/04/2025;SOFR;4,35;2587
03/04/2025;SOFR;4,39;2577
02/04/2025;SOFR;4,37;2555
01/04/2025;SOFR;4,39;2589
31/03/2025;SOFR;4,41;2636
28/03/2025;SOFR;4,34;2440
27/03/2025;SOFR;4,36;2468
26/03/2025;SOFR;4,35;2472
25/03/2025;SOFR;4,33;2460
24/03/2025;SOFR;4,31;2457
21/03/2025;SOFR;4,3;2444
20/03/2025;SOFR;4,29;2438
19/03/2025;SOFR;4,29;2376
18/03/2025;SOFR;4,31;2465
17/03/2025;SOFR;4,32;2473
14/03/2025;SOFR;4,3;2441
13/03/2025;SOFR;4,3;2462
12/03/2025;SOFR;4,31;2489
11/03/2025;SOFR;4,32;2502
10/03/2025;SOFR;4,33;2505
07/03/2025;SOFR;4,34;2477
06/03/2025;SOFR;4,35;2558
05/03/2025;SOFR;4,34;2525
04/03/2025;SOFR;4,33;2562
03/03/2025;SOFR;4,33;2636
28/02/2025;SOFR;4,39;2684
27/02/2025;SOFR;4,36;2557
26/02/2025;SOFR;4,33;2487
25/02/2025;SOFR;4,33;2467
24/02/2025;SOFR;4,34;2425
21/02/2025;SOFR;4,34;2400
20/02/2025;SOFR;4,33;2403
19/02/2025;SOFR;4,35;2394
18/02/2025;SOFR;4,37;2452
14/02/2025;SOFR;4,33;2319
13/02/2025;SOFR;4,33;2329
12/02/2025;SOFR;4,32;2313
11/02/2025;SOFR;4,34;2321
10/02/2025;SOFR;4,35;2316
07/02/2025;SOFR;4,35;2336
06/02/2025;SOFR;4,36;2365
05/02/2025;SOFR;4,33;2343
04/02/2025;SOFR;4,33;2344
03/02/2025;SOFR;4,35;2413
31/01/2025;SOFR;4,38;2533
30/01/2025;SOFR;4,36;2369
29/01/2025;SOFR;4,35;2323
28/01/2025;SOFR;4,35;2283
27/01/2025;SOFR;4,34;2338
24/01/2025;SOFR;4,34;2289
23/01/2025;SOFR;4,35;2269
22/01/2025;SOFR;4,3;2269
21/01/2025;SOFR;4,29;2361
17/01/2025;SOFR;4,29;2326
16/01/2025;SOFR;4,29;2318
15/01/2025;SOFR;4,28;2280
14/01/2025;SOFR;4,28;2179
13/01/2025;SOFR;4,29;2211
10/01/2025;SOFR;4,3;2204
09/01/2025;SOFR;4,3;2211
08/01/2025;SOFR;4,29;2213
07/01/2025;SOFR;4,27;2322
06/01/2025;SOFR;4,27;2349
03/01/2025;SOFR;4,31;2398
02/01/2025;SOFR;4,4;2501
31/12/2024;SOFR;4,49;2474
30/12/2024;SOFR;4,37;2290
27/12/2024;SOFR;4,46;2275
26/12/2024;SOFR;4,53;2320
24/12/2024;SOFR;4,4;2282
23/12/2024;SOFR;4,31;2337
20/12/2024;SOFR;4,3;2330
19/12/2024;SOFR;4,3;2390
18/12/2024;SOFR;4,57;2291
17/12/2024;SOFR;4,62;2341
16/12/2024;SOFR;4,65;2360
13/12/2024;SOFR;4,6;2255
12/12/2024;SOFR;4,62;2262
11/12/2024;SOFR;4,62;2287
10/12/2024;SOFR;4,64;2308
09/12/2024;SOFR;4,63;2305
06/12/2024;SOFR;4,6;2277
05/12/2024;SOFR;4,59;2325
04/12/2024;SOFR;4,59;2265
03/12/2024;SOFR;4,64;2329
02/12/2024;SOFR;4,64;2440
29/11/2024;SOFR;4,59;2209
27/11/2024;SOFR;4,57;2136
26/11/2024;SOFR;4,58;2214
25/11/2024;SOFR;4,58;2206
22/11/2024;SOFR;4,57;2188
21/11/2024;SOFR;4,57;2291
20/11/2024;SOFR;4,56;2155
19/11/2024;SOFR;4,57;2275
18/11/2024;SOFR;4,57;2297
15/11/2024;SOFR;4,57;2425
14/11/2024;SOFR;4,58;2177
13/11/2024;SOFR;4,59;2233
12/11/2024;SOFR;4,6;2298
08/11/2024;SOFR;4,6;2184
07/11/2024;SOFR;4,82;2266
06/11/2024;SOFR;4,81;2128
05/11/2024;SOFR;4,82;2235
04/11/2024;SOFR;4,82;2308
01/11/2024;SOFR;4,86;2164
31/10/2024;SOFR;4,9;2244
30/10/2024;SOFR;4,81;2045
29/10/2024;SOFR;4,82;2116
28/10/2024;SOFR;4,82;2194
25/10/2024;SOFR;4,83;2188
24/10/2024;SOFR;4,83;2246
23/10/2024;SOFR;4,83;2129
22/10/2024;SOFR;4,83;2226
21/10/2024;SOFR;4,82;2322
18/10/2024;SOFR;4,84;2168
17/10/2024;SOFR;4,85;2334
16/10/2024;SOFR;4,86;2317
15/10/2024;SOFR;4,86;2272
11/10/2024;SOFR;4,81;2058
10/10/2024;SOFR;4,82;2198
09/10/2024;SOFR;4,83;2220
08/10/2024;SOFR;4,84;2166
07/10/2024;SOFR;4,83;2350
04/10/2024;SOFR;4,83;2377
03/10/2024;SOFR;4,85;2182
02/10/2024;SOFR;4,92;2426
01/10/2024;SOFR;5,05;2395
30/09/2024;SOFR;4,96;2523
27/09/2024;SOFR;4,84;2077
26/09/2024;SOFR;4,83;2329
25/09/2024;SOFR;4,84;2133
24/09/2024;SOFR;4,84;2171
23/09/2024;SOFR;4,83;2198
20/09/2024;SOFR;4,83;2147
19/09/2024;SOFR;4,82;2378
18/09/2024;SOFR;5,33;2194
17/09/2024;SOFR;5,38;2161
16/09/2024;SOFR;5,38;2212
13/09/2024;SOFR;5,33;2232
12/09/2024;SOFR;5,33;2087
11/09/2024;SOFR;5,32;2308
10/09/2024;SOFR;5,33;2161
09/09/2024;SOFR;5,34;2094
06/09/2024;SOFR;5,34;2119
05/09/2024;SOFR;5,35;2205
04/09/2024;SOFR;5,35;2169
03/09/2024;SOFR;5,34;2403
30/08/2024;SOFR;5,32;2011
29/08/2024;SOFR;5,33;2088
28/08/2024;SOFR;5,35;2030
27/08/2024;SOFR;5,35;2227
26/08/2024;SOFR;5,34;2039
23/08/2024;SOFR;5,33;2152
22/08/2024;SOFR;5,31;2037
21/08/2024;SOFR;5,31;1975
20/08/2024;SOFR;5,32;2101
19/08/2024;SOFR;5,32;2118
16/08/2024;SOFR;5,32;2131
15/08/2024;SOFR;5,35;2118
14/08/2024;SOFR;5,33;2108
13/08/2024;SOFR;5,34;2082
12/08/2024;SOFR;5,34;2138
09/08/2024;SOFR;5,34;2170
08/08/2024;SOFR;5,34;2196
07/08/2024;SOFR;5,33;2042
06/08/2024;SOFR;5,33;2086
05/08/2024;SOFR;5,32;2199
02/08/2024;SOFR;5,35;2077
01/08/2024;SOFR;5,35;2211
31/07/2024;SOFR;5,38;2185
30/07/2024;SOFR;5,33;1978
29/07/2024;SOFR;5,33;1982
26/07/2024;SOFR;5,35;2027
25/07/2024;SOFR;5,35;2129
24/07/2024;SOFR;5,34;2083
23/07/2024;SOFR;5,34;2011
22/07/2024;SOFR;5,33;2120
19/07/2024;SOFR;5,34;1992
18/07/2024;SOFR;5,34;2014
17/07/2024;SOFR;5,35;2025
16/07/2024;SOFR;5,35;2061
15/07/2024;SOFR;5,34;2175
12/07/2024;SOFR;5,34;1900
11/07/2024;SOFR;5,34;1920
10/07/2024;SOFR;5,34;1949
09/07/2024;SOFR;5,34;1913
08/07/2024;SOFR;5,32;2090
05/07/2024;SOFR;5,32;2126
03/07/2024;SOFR;5,33;2007
02/07/2024;SOFR;5,35;2110
01/07/2024;SOFR;5,4;1967
28/06/2024;SOFR;5,33;2024
27/06/2024;SOFR;5,34;1888
26/06/2024;SOFR;5,34;1897
25/06/2024;SOFR;5,33;1968
24/06/2024;SOFR;5,31;1992
21/06/2024;SOFR;5,31;1991
20/06/2024;SOFR;5,32;2052
18/06/2024;SOFR;5,33;2021
17/06/2024;SOFR;5,33;1975
14/06/2024;SOFR;5,31;1855
13/06/2024;SOFR;5,31;2035
12/06/2024;SOFR;5,31;1957
11/06/2024;SOFR;5,32;1946
10/06/2024;SOFR;5,32;1847
07/06/2024;SOFR;5,33;1934
06/06/2024;SOFR;5,33;2008
05/06/2024;SOFR;5,33;1989
04/06/2024;SOFR;5,33;2092
03/06/2024;SOFR;5,35;1912
31/05/2024;SOFR;5,34;2061
30/05/2024;SOFR;5,33;1824
29/05/2024;SOFR;5,33;1807
28/05/2024;SOFR;5,32;2013
24/05/2024;SOFR;5,32;1909
23/05/2024;SOFR;5,31;1916
22/05/2024;SOFR;5,31;1900
21/05/2024;SOFR;5,31;1929
20/05/2024;SOFR;5,31;1866
17/05/2024;SOFR;5,31;1964
16/05/2024;SOFR;5,31;2001
15/05/2024;SOFR;5,31;1936
14/05/2024;SOFR;5,31;1838
13/05/2024;SOFR;5,31;1805
10/05/2024;SOFR;5,31;1816
09/05/2024;SOFR;5,31;1871
08/05/2024;SOFR;5,31;1845
07/05/2024;SOFR;5,31;1864
06/05/2024;SOFR;5,31;1855
03/05/2024;SOFR;5,31;1863
02/05/2024;SOFR;5,31;1838
01/05/2024;SOFR;5,32;1955
30/04/2024;SOFR;5,34;1831
29/04/2024;SOFR;5,32;1781
26/04/2024;SOFR;5,32;1795
25/04/2024;SOFR;5,31;1774
24/04/2024;SOFR;5,31;1778
23/04/2024;SOFR;5,31;1757
22/04/2024;SOFR;5,31;1746
19/04/2024;SOFR;5,31;1780
18/04/2024;SOFR;5,3;1764
17/04/2024;SOFR;5,31;1731
16/04/2024;SOFR;5,31;1809
15/04/2024;SOFR;5,32;1938
12/04/2024;SOFR;5,31;1805
11/04/2024;SOFR;5,31;1857
10/04/2024;SOFR;5,31;1909
09/04/2024;SOFR;5,31;1826
08/04/2024;SOFR;5,31;1807
05/04/2024;SOFR;5,32;1898
04/04/2024;SOFR;5,32;1974
03/04/2024;SOFR;5,32;1985
02/04/2024;SOFR;5,34;1927
01/04/2024;SOFR;5,35;2023
28/03/2024;SOFR;5,34;1911
27/03/2024;SOFR;5,33;1807
26/03/2024;SOFR;5,32;1849
25/03/2024;SOFR;5,31;1820
22/03/2024;SOFR;5,31;1796
21/03/2024;SOFR;5,31;1849
20/03/2024;SOFR;5,31;1736
19/03/2024;SOFR;5,31;1813
18/03/2024;SOFR;5,31;1788
15/03/2024;SOFR;5,31;1803
14/03/2024;SOFR;5,31;1782
13/03/2024;SOFR;5,31;1784
12/03/2024;SOFR;5,31;1699
11/03/2024;SOFR;5,31;1804
08/03/2024;SOFR;5,31;1782
07/03/2024;SOFR;5,31;1793
06/03/2024;SOFR;5,31;1707
05/03/2024;SOFR;5,31;1807
04/03/2024;SOFR;5,31;1858
01/03/2024;SOFR;5,31;1783
29/02/2024;SOFR;5,32;1951
28/02/2024;SOFR;5,31;1620
27/02/2024;SOFR;5,31;1741
26/02/2024;SOFR;5,31;1739
23/02/2024;SOFR;5,31;1736
22/02/2024;SOFR;5,3;1620
21/02/2024;SOFR;5,3;1607
20/02/2024;SOFR;5,3;1610
16/02/2024;SOFR;5,3;1666
15/02/2024;SOFR;5,31;1746
14/02/2024;SOFR;5,3;1596
13/02/2024;SOFR;5,31;1714
12/02/2024;SOFR;5,31;1725
09/02/2024;SOFR;5,31;1581
08/02/2024;SOFR;5,31;1669
07/02/2024;SOFR;5,31;1797
06/02/2024;SOFR;5,31;1738
05/02/2024;SOFR;5,31;1731
02/02/2024;SOFR;5,32;1849
01/02/2024;SOFR;5,32;1897
31/01/2024;SOFR;5,32;1874
30/01/2024;SOFR;5,31;1642
29/01/2024;SOFR;5,31;1598
26/01/2024;SOFR;5,32;1712
25/01/2024;SOFR;5,32;1768
24/01/2024;SOFR;5,31;1596
23/01/2024;SOFR;5,31;1686
22/01/2024;SOFR;5,31;1595
19/01/2024;SOFR;5,31;1688
18/01/2024;SOFR;5,31;1746
17/01/2024;SOFR;5,32;1764
16/01/2024;SOFR;5,32;1854
12/01/2024;SOFR;5,31;1590
11/01/2024;SOFR;5,31;1648
10/01/2024;SOFR;5,31;1660
09/01/2024;SOFR;5,31;1693
08/01/2024;SOFR;5,31;1658
05/01/2024;SOFR;5,31;1674
04/01/2024;SOFR;5,32;1930
03/01/2024;SOFR;5,39;1832
02/01/2024;SOFR;5,4;1948
29/12/2023;SOFR;5,38;1702
28/12/2023;SOFR;5,4;1832
27/12/2023;SOFR;5,39;1722
26/12/2023;SOFR;5,35;1644
22/12/2023;SOFR;5,32;1667
21/12/2023;SOFR;5,31;1720
20/12/2023;SOFR;5,31;1678
19/12/2023;SOFR;5,31;1757
18/12/2023;SOFR;5,32;1665
15/12/2023;SOFR;5,32;1776
14/12/2023;SOFR;5,31;1695
13/12/2023;SOFR;5,31;1635
12/12/2023;SOFR;5,31;1713
11/12/2023;SOFR;5,32;1577
08/12/2023;SOFR;5,32;1610
07/12/2023;SOFR;5,32;1702
06/12/2023;SOFR;5,32;1707
05/12/2023;SOFR;5,33;1792
04/12/2023;SOFR;5,37;1631
01/12/2023;SOFR;5,39;1650
30/11/2023;SOFR;5,33;1850
29/11/2023;SOFR;5,31;1578
28/11/2023;SOFR;5,32;1593
27/11/2023;SOFR;5,32;1602
24/11/2023;SOFR;5,32;1521
22/11/2023;SOFR;5,31;1547
21/11/2023;SOFR;5,31;1603
20/11/2023;SOFR;5,31;1621
17/11/2023;SOFR;5,32;1587
16/11/2023;SOFR;5,32;1640
15/11/2023;SOFR;5,32;1605
14/11/2023;SOFR;5,32;1533
13/11/2023;SOFR;5,32;1494
10/11/2023;SOFR;5,32;1469
09/11/2023;SOFR;5,32;1526
08/11/2023;SOFR;5,32;1470
07/11/2023;SOFR;5,32;1546
06/11/2023;SOFR;5,32;1559
03/11/2023;SOFR;5,32;1579
02/11/2023;SOFR;5,33;1640
01/11/2023;SOFR;5,32;1621
31/10/2023;SOFR;5,35;1582
30/10/2023;SOFR;5,31;1470
27/10/2023;SOFR;5,31;1496
26/10/2023;SOFR;5,31;1506
25/10/2023;SOFR;5,3;1439
24/10/2023;SOFR;5,3;1387
23/10/2023;SOFR;5,3;1330
20/10/2023;SOFR;5,3;1396
19/10/2023;SOFR;5,3;1398
18/10/2023;SOFR;5,3;1396
17/10/2023;SOFR;5,31;1427
16/10/2023;SOFR;5,31;1450
13/10/2023;SOFR;5,31;1383
12/10/2023;SOFR;5,31;1467
11/10/2023;SOFR;5,31;1465
10/10/2023;SOFR;5,31;1522
06/10/2023;SOFR;5,31;1404
05/10/2023;SOFR;5,32;1520
04/10/2023;SOFR;5,32;1436
03/10/2023;SOFR;5,33;1498
02/10/2023;SOFR;5,32;1513
29/09/2023;SOFR;5,31;1537
28/09/2023;SOFR;5,31;1535
27/09/2023;SOFR;5,32;1388
26/09/2023;SOFR;5,31;1561
25/09/2023;SOFR;5,31;1524
22/09/2023;SOFR;5,3;1511
21/09/2023;SOFR;5,3;1522
20/09/2023;SOFR;5,3;1492
19/09/2023;SOFR;5,31;1562
18/09/2023;SOFR;5,31;1565
15/09/2023;SOFR;5,31;1586
14/09/2023;SOFR;5,3;1436
13/09/2023;SOFR;5,3;1385
12/09/2023;SOFR;5,3;1448
11/09/2023;SOFR;5,3;1378
08/09/2023;SOFR;5,3;1420
07/09/2023;SOFR;5,31;1479
06/09/2023;SOFR;5,3;1391
05/09/2023;SOFR;5,31;1472
01/09/2023;SOFR;5,31;1458
31/08/2023;SOFR;5,31;1549
30/08/2023;SOFR;5,3;1311
29/08/2023;SOFR;5,3;1314
28/08/2023;SOFR;5,3;1384
25/08/2023;SOFR;5,3;1344
24/08/2023;SOFR;5,3;1344
23/08/2023;SOFR;5,3;1270
22/08/2023;SOFR;5,3;1307
21/08/2023;SOFR;5,3;1322
18/08/2023;SOFR;5,3;1314
17/08/2023;SOFR;5,3;1343
16/08/2023;SOFR;5,3;1391
15/08/2023;SOFR;5,3;1413
14/08/2023;SOFR;5,3;1333
11/08/2023;SOFR;5,3;1347
10/08/2023;SOFR;5,3;1360
09/08/2023;SOFR;5,3;1322
08/08/2023;SOFR;5,3;1340
07/08/2023;SOFR;5,3;1349
04/08/2023;SOFR;5,3;1369
03/08/2023;SOFR;5,3;1413
02/08/2023;SOFR;5,3;1416
01/08/2023;SOFR;5,31;1495
31/07/2023;SOFR;5,31;1551
28/07/2023;SOFR;5,3;1419
27/07/2023;SOFR;5,31;1501
26/07/2023;SOFR;5,06;1452
25/07/2023;SOFR;5,06;1470
24/07/2023;SOFR;5,05;1365
21/07/2023;SOFR;5,05;1400
20/07/2023;SOFR;5,06;1460
19/07/2023;SOFR;5,05;1456
18/07/2023;SOFR;5,06;1482
17/07/2023;SOFR;5,06;1524
14/07/2023;SOFR;5,05;1448
13/07/2023;SOFR;5,06;1445
12/07/2023;SOFR;5,05;1361
11/07/2023;SOFR;5,06;1439
10/07/2023;SOFR;5,06;1506
07/07/2023;SOFR;5,06;1547
06/07/2023;SOFR;5,06;1573
05/07/2023;SOFR;5,06;1589
03/07/2023;SOFR;5,06;1579
30/06/2023;SOFR;5,09;1549
29/06/2023;SOFR;5,06;1542
28/06/2023;SOFR;5,06;1499
27/06/2023;SOFR;5,05;1481
26/06/2023;SOFR;5,05;1429
23/06/2023;SOFR;5,05;1389
22/06/2023;SOFR;5,05;1354
21/06/2023;SOFR;5,05;1387
20/06/2023;SOFR;5,05;1427
16/06/2023;SOFR;5,05;1405
15/06/2023;SOFR;5,06;1527
14/06/2023;SOFR;5,05;1397
13/06/2023;SOFR;5,05;1375
12/06/2023;SOFR;5,05;1399
09/06/2023;SOFR;5,05;1392
08/06/2023;SOFR;5,05;1402
07/06/2023;SOFR;5,05;1429
06/06/2023;SOFR;5,05;1414
05/06/2023;SOFR;5,06;1472
02/06/2023;SOFR;5,07;1475
01/06/2023;SOFR;5,08;1627
31/05/2023;SOFR;5,08;1623
30/05/2023;SOFR;5,06;1530
26/05/2023;SOFR;5,06;1476
25/05/2023;SOFR;5,06;1537
24/05/2023;SOFR;5,05;1401
23/05/2023;SOFR;5,05;1383
22/05/2023;SOFR;5,05;1434
19/05/2023;SOFR;5,05;1363
18/05/2023;SOFR;5,05;1401
17/05/2023;SOFR;5,05;1401
16/05/2023;SOFR;5,05;1466
15/05/2023;SOFR;5,06;1497
12/05/2023;SOFR;5,05;1352
11/05/2023;SOFR;5,05;1372
10/05/2023;SOFR;5,06;1410
09/05/2023;SOFR;5,06;1482
08/05/2023;SOFR;5,06;1497
05/05/2023;SOFR;5,06;1517
04/05/2023;SOFR;5,06;1590
03/05/2023;SOFR;4,81;1544
02/05/2023;SOFR;4,81;1537
01/05/2023;SOFR;4,81;1577
28/04/2023;SOFR;4,81;1378
27/04/2023;SOFR;4,81;1337
26/04/2023;SOFR;4,8;1345
25/04/2023;SOFR;4,8;1329
24/04/2023;SOFR;4,8;1298
21/04/2023;SOFR;4,8;1324
20/04/2023;SOFR;4,8;1281
19/04/2023;SOFR;4,8;1307
18/04/2023;SOFR;4,8;1364
17/04/2023;SOFR;4,8;1406
14/04/2023;SOFR;4,8;1312
13/04/2023;SOFR;4,8;1378
12/04/2023;SOFR;4,8;1358
11/04/2023;SOFR;4,8;1365
10/04/2023;SOFR;4,81;1366
06/04/2023;SOFR;4,81;1431
05/04/2023;SOFR;4,81;1427
04/04/2023;SOFR;4,83;1427
03/04/2023;SOFR;4,84;1477
31/03/2023;SOFR;4,87;1408
30/03/2023;SOFR;4,82;1319
29/03/2023;SOFR;4,83;1287
28/03/2023;SOFR;4,84;1345
27/03/2023;SOFR;4,81;1365
24/03/2023;SOFR;4,8;1290
23/03/2023;SOFR;4,8;1355
22/03/2023;SOFR;4,55;1203
21/03/2023;SOFR;4,55;1247
20/03/2023;SOFR;4,55;1288
17/03/2023;SOFR;4,55;1265
16/03/2023;SOFR;4,57;1272
15/03/2023;SOFR;4,58;1252
14/03/2023;SOFR;4,55;1203
13/03/2023;SOFR;4,55;1148
10/03/2023;SOFR;4,55;1088
09/03/2023;SOFR;4,55;1120
08/03/2023;SOFR;4,55;1096
07/03/2023;SOFR;4,55;1151
06/03/2023;SOFR;4,55;1129
03/03/2023;SOFR;4,55;1120
02/03/2023;SOFR;4,55;1150
01/03/2023;SOFR;4,55;1172
28/02/2023;SOFR;4,55;1230
27/02/2023;SOFR;4,55;1145
24/02/2023;SOFR;4,55;1122
23/02/2023;SOFR;4,55;1137
22/02/2023;SOFR;4,55;1129
21/02/2023;SOFR;4,55;1164
17/02/2023;SOFR;4,55;1209
16/02/2023;SOFR;4,55;1244
15/02/2023;SOFR;4,55;1239
14/02/2023;SOFR;4,55;1216
13/02/2023;SOFR;4,55;1153
10/02/2023;SOFR;4,55;1186
09/02/2023;SOFR;4,55;1212
08/02/2023;SOFR;4,55;1184
07/02/2023;SOFR;4,55;1208
06/02/2023;SOFR;4,55;1209
03/02/2023;SOFR;4,55;1216
02/02/2023;SOFR;4,56;1290
01/02/2023;SOFR;4,31;1199
31/01/2023;SOFR;4,31;1281
30/01/2023;SOFR;4,3;1158
27/01/2023;SOFR;4,3;1165
26/01/2023;SOFR;4,3;1165
25/01/2023;SOFR;4,31;1157
24/01/2023;SOFR;4,3;1163
23/01/2023;SOFR;4,3;1150
20/01/2023;SOFR;4,3;1169
19/01/2023;SOFR;4,31;1231
18/01/2023;SOFR;4,3;1193
17/01/2023;SOFR;4,31;1248
13/01/2023;SOFR;4,3;1101
12/01/2023;SOFR;4,3;1108
11/01/2023;SOFR;4,3;1142
10/01/2023;SOFR;4,31;1124
09/01/2023;SOFR;4,31;1127
06/01/2023;SOFR;4,31;1118
05/01/2023;SOFR;4,31;1134
04/01/2023;SOFR;4,3;1136
03/01/2023;SOFR;4,31;1257
30/12/2022;SOFR;4,3;1004
29/12/2022;SOFR;4,3;1037
28/12/2022;SOFR;4,3;1005
27/12/2022;SOFR;4,3;1048
23/12/2022;SOFR;4,3;991
22/12/2022;SOFR;4,3;1013
21/12/2022;SOFR;4,3;1031
20/12/2022;SOFR;4,3;1048
19/12/2022;SOFR;4,3;1087
16/12/2022;SOFR;4,32;1091
15/12/2022;SOFR;4,32;1144
14/12/2022;SOFR;3,8;1045
13/12/2022;SOFR;3,8;1051
12/12/2022;SOFR;3,8;1042
09/12/2022;SOFR;3,8;1058
08/12/2022;SOFR;3,8;1087
07/12/2022;SOFR;3,8;1088
06/12/2022;SOFR;3,8;1088
05/12/2022;SOFR;3,81;1096
02/12/2022;SOFR;3,81;1132
01/12/2022;SOFR;3,82;1174
30/11/2022;SOFR;3,82;1113
29/11/2022;SOFR;3,81;1026
28/11/2022;SOFR;3,8;1058
25/11/2022;SOFR;3,8;1003
23/11/2022;SOFR;3,79;984
22/11/2022;SOFR;3,8;1038
21/11/2022;SOFR;3,8;1015
18/11/2022;SOFR;3,8;1037
17/11/2022;SOFR;3,8;1075
16/11/2022;SOFR;3,81;1096
15/11/2022;SOFR;3,8;1149
14/11/2022;SOFR;3,79;1041
10/11/2022;SOFR;3,78;987
09/11/2022;SOFR;3,78;969
08/11/2022;SOFR;3,78;978
07/11/2022;SOFR;3,78;981
04/11/2022;SOFR;3,8;1014
03/11/2022;SOFR;3,8;1074
02/11/2022;SOFR;3,05;1021
01/11/2022;SOFR;3,05;1079
31/10/2022;SOFR;3,05;1075
28/10/2022;SOFR;3,05;951
27/10/2022;SOFR;3,04;973
26/10/2022;SOFR;3,03;972
25/10/2022;SOFR;3,02;961
24/10/2022;SOFR;3,01;962
21/10/2022;SOFR;3,02;955
20/10/2022;SOFR;3,03;963
19/10/2022;SOFR;3,04;919
18/10/2022;SOFR;3,04;967
17/10/2022;SOFR;3,05;979
14/10/2022;SOFR;3,04;958
13/10/2022;SOFR;3,04;1000
12/10/2022;SOFR;3,04;972
11/10/2022;SOFR;3,05;993
07/10/2022;SOFR;3,05;968
06/10/2022;SOFR;3,05;985
05/10/2022;SOFR;3,04;992
04/10/2022;SOFR;3,04;996
03/10/2022;SOFR;3;1009
30/09/2022;SOFR;2,98;956
29/09/2022;SOFR;2,96;906
28/09/2022;SOFR;2,98;911
27/09/2022;SOFR;2,98;949
26/09/2022;SOFR;2,99;976
23/09/2022;SOFR;2,99;968
22/09/2022;SOFR;2,99;1023
21/09/2022;SOFR;2,25;951
20/09/2022;SOFR;2,26;967
19/09/2022;SOFR;2,27;948
16/09/2022;SOFR;2,27;952
15/09/2022;SOFR;2,28;981
14/09/2022;SOFR;2,27;951
13/09/2022;SOFR;2,28;957
12/09/2022;SOFR;2,28;980
09/09/2022;SOFR;2,28;958
08/09/2022;SOFR;2,28;981
07/09/2022;SOFR;2,28;958
06/09/2022;SOFR;2,29;989
02/09/2022;SOFR;2,29;965
01/09/2022;SOFR;2,29;979
31/08/2022;SOFR;2,29;1024
30/08/2022;SOFR;2,29;948
29/08/2022;SOFR;2,28;963
26/08/2022;SOFR;2,28;953
25/08/2022;SOFR;2,28;970
24/08/2022;SOFR;2,27;969
23/08/2022;SOFR;2,27;952
22/08/2022;SOFR;2,28;994
19/08/2022;SOFR;2,28;960
18/08/2022;SOFR;2,28;973
17/08/2022;SOFR;2,29;966
16/08/2022;SOFR;2,29;974
15/08/2022;SOFR;2,29;1014
12/08/2022;SOFR;2,28;966
11/08/2022;SOFR;2,28;965
10/08/2022;SOFR;2,28;970
09/08/2022;SOFR;2,29;947
08/08/2022;SOFR;2,28;950
05/08/2022;SOFR;2,28;965
04/08/2022;SOFR;2,29;981
03/08/2022;SOFR;2,29;984
02/08/2022;SOFR;2,3;1015
01/08/2022;SOFR;2,28;1035
29/07/2022;SOFR;2,27;949
28/07/2022;SOFR;2,28;965
27/07/2022;SOFR;1,53;941
26/07/2022;SOFR;1,53;951
25/07/2022;SOFR;1,53;985
22/07/2022;SOFR;1,52;931
21/07/2022;SOFR;1,53;960
20/07/2022;SOFR;1,53;916
19/07/2022;SOFR;1,54;933
18/07/2022;SOFR;1,54;947
15/07/2022;SOFR;1,54;950
14/07/2022;SOFR;1,53;934
13/07/2022;SOFR;1,53;924
12/07/2022;SOFR;1,54;941
11/07/2022;SOFR;1,53;930
08/07/2022;SOFR;1,53;942
07/07/2022;SOFR;1,54;966
06/07/2022;SOFR;1,54;966
05/07/2022;SOFR;1,54;1042
01/07/2022;SOFR;1,52;1001
30/06/2022;SOFR;1,5;995
29/06/2022;SOFR;1,51;940
28/06/2022;SOFR;1,52;929
27/06/2022;SOFR;1,5;945
24/06/2022;SOFR;1,46;926
23/06/2022;SOFR;1,44;944
22/06/2022;SOFR;1,45;942
21/06/2022;SOFR;1,45;957
17/06/2022;SOFR;1,45;923
16/06/2022;SOFR;1,45;976
15/06/2022;SOFR;0,7;917
14/06/2022;SOFR;0,69;925
13/06/2022;SOFR;0,73;970
10/06/2022;SOFR;0,75;960
09/06/2022;SOFR;0,75;985
08/06/2022;SOFR;0,76;959
07/06/2022;SOFR;0,77;947
06/06/2022;SOFR;0,78;959
03/06/2022;SOFR;0,78;954
02/06/2022;SOFR;0,79;974
01/06/2022;SOFR;0,8;994
31/05/2022;SOFR;0,79;1040
27/05/2022;SOFR;0,78;963
26/05/2022;SOFR;0,78;955
25/05/2022;SOFR;0,78;942
24/05/2022;SOFR;0,78;968
23/05/2022;SOFR;0,78;984
20/05/2022;SOFR;0,78;943
19/05/2022;SOFR;0,79;982
18/05/2022;SOFR;0,79;939
17/05/2022;SOFR;0,8;977
16/05/2022;SOFR;0,8;1013
13/05/2022;SOFR;0,79;917
12/05/2022;SOFR;0,79;922
11/05/2022;SOFR;0,78;925
10/05/2022;SOFR;0,78;914
09/05/2022;SOFR;0,78;931
06/05/2022;SOFR;0,78;979
05/05/2022;SOFR;0,79;992
04/05/2022;SOFR;0,3;947
03/05/2022;SOFR;0,3;923
02/05/2022;SOFR;0,3;984
29/04/2022;SOFR;0,28;915
28/04/2022;SOFR;0,28;892
27/04/2022;SOFR;0,28;882
26/04/2022;SOFR;0,27;897
25/04/2022;SOFR;0,27;898
22/04/2022;SOFR;0,27;901
21/04/2022;SOFR;0,26;906
20/04/2022;SOFR;0,27;912
19/04/2022;SOFR;0,28;895
18/04/2022;SOFR;0,29;896
14/04/2022;SOFR;0,29;886
13/04/2022;SOFR;0,29;874
12/04/2022;SOFR;0,29;883
11/04/2022;SOFR;0,3;886
08/04/2022;SOFR;0,3;905
07/04/2022;SOFR;0,3;906
06/04/2022;SOFR;0,3;905
05/04/2022;SOFR;0,3;929
04/04/2022;SOFR;0,3;940
01/04/2022;SOFR;0,3;974
31/03/2022;SOFR;0,29;979
30/03/2022;SOFR;0,27;900
29/03/2022;SOFR;0,28;874
28/03/2022;SOFR;0,28;899
25/03/2022;SOFR;0,28;901
24/03/2022;SOFR;0,27;900
23/03/2022;SOFR;0,27;908
22/03/2022;SOFR;0,28;931
21/03/2022;SOFR;0,29;989
18/03/2022;SOFR;0,3;968
17/03/2022;SOFR;0,3;1003
16/03/2022;SOFR;0,05;1016
15/03/2022;SOFR;0,05;1014
14/03/2022;SOFR;0,05;980
11/03/2022;SOFR;0,05;980
10/03/2022;SOFR;0,05;977
09/03/2022;SOFR;0,05;952
08/03/2022;SOFR;0,05;948
07/03/2022;SOFR;0,05;990
04/03/2022;SOFR;0,05;961
03/03/2022;SOFR;0,05;1001
02/03/2022;SOFR;0,05;1023
01/03/2022;SOFR;0,05;1062
28/02/2022;SOFR;0,05;1052
25/02/2022;SOFR;0,05;962
24/02/2022;SOFR;0,05;924
23/02/2022;SOFR;0,05;902
22/02/2022;SOFR;0,05;930
18/02/2022;SOFR;0,05;931
17/02/2022;SOFR;0,05;911
16/02/2022;SOFR;0,05;960
15/02/2022;SOFR;0,05;972
14/02/2022;SOFR;0,05;895
11/02/2022;SOFR;0,05;903
10/02/2022;SOFR;0,05;914
09/02/2022;SOFR;0,04;911
08/02/2022;SOFR;0,05;896
07/02/2022;SOFR;0,05;905
04/02/2022;SOFR;0,05;891
03/02/2022;SOFR;0,05;935
02/02/2022;SOFR;0,05;927
01/02/2022;SOFR;0,05;985
31/01/2022;SOFR;0,05;1019
28/01/2022;SOFR;0,05;908
27/01/2022;SOFR;0,04;913
26/01/2022;SOFR;0,04;926
25/01/2022;SOFR;0,05;943
24/01/2022;SOFR;0,04;886
21/01/2022;SOFR;0,05;875
20/01/2022;SOFR;0,04;927
19/01/2022;SOFR;0,05;917
18/01/2022;SOFR;0,05;954
14/01/2022;SOFR;0,05;874
13/01/2022;SOFR;0,05;892
12/01/2022;SOFR;0,05;891
11/01/2022;SOFR;0,05;935
10/01/2022;SOFR;0,05;919
07/01/2022;SOFR;0,05;929
06/01/2022;SOFR;0,05;942
05/01/2022;SOFR;0,05;946
04/01/2022;SOFR;0,05;976
03/01/2022;SOFR;0,05;972
31/12/2021;SOFR;0,05;923
30/12/2021;SOFR;0,05;836
29/12/2021;SOFR;0,05;869
28/12/2021;SOFR;0,05;844
27/12/2021;SOFR;0,05;888
23/12/2021;SOFR;0,05;880
22/12/2021;SOFR;0,05;893
21/12/2021;SOFR;0,05;896
20/12/2021;SOFR;0,04;905
17/12/2021;SOFR;0,05;910
16/12/2021;SOFR;0,05;914
15/12/2021;SOFR;0,05;959
14/12/2021;SOFR;0,05;919
13/12/2021;SOFR;0,05;936
10/12/2021;SOFR;0,05;919
09/12/2021;SOFR;0,05;973
08/12/2021;SOFR;0,05;978
07/12/2021;SOFR;0,05;989
06/12/2021;SOFR;0,05;994
03/12/2021;SOFR;0,05;1015
02/12/2021;SOFR;0,05;1031
01/12/2021;SOFR;0,05;1088
30/11/2021;SOFR;0,05;1067
29/11/2021;SOFR;0,05;953
26/11/2021;SOFR;0,05;895
24/11/2021;SOFR;0,05;887
23/11/2021;SOFR;0,05;920
22/11/2021;SOFR;0,05;930
19/11/2021;SOFR;0,05;895
18/11/2021;SOFR;0,05;898
17/11/2021;SOFR;0,05;893
16/11/2021;SOFR;0,05;924
15/11/2021;SOFR;0,05;958
12/11/2021;SOFR;0,05;868
10/11/2021;SOFR;0,05;871
09/11/2021;SOFR;0,05;908
08/11/2021;SOFR;0,05;907
05/11/2021;SOFR;0,05;875
04/11/2021;SOFR;0,05;925
03/11/2021;SOFR;0,05;877
02/11/2021;SOFR;0,05;910
01/11/2021;SOFR;0,05;959
29/10/2021;SOFR;0,05;847
28/10/2021;SOFR;0,05;871
27/10/2021;SOFR;0,05;865
26/10/2021;SOFR;0,05;877
25/10/2021;SOFR;0,04;858
22/10/2021;SOFR;0,05;863
21/10/2021;SOFR;0,03;879
20/10/2021;SOFR;0,03;857
19/10/2021;SOFR;0,03;875
18/10/2021;SOFR;0,05;879
15/10/2021;SOFR;0,05;889
14/10/2021;SOFR;0,05;873
13/10/2021;SOFR;0,05;907
12/10/2021;SOFR;0,05;925
08/10/2021;SOFR;0,05;887
07/10/2021;SOFR;0,05;911
06/10/2021;SOFR;0,05;902
05/10/2021;SOFR;0,05;916
04/10/2021;SOFR;0,05;925
01/10/2021;SOFR;0,05;928
30/09/2021;SOFR;0,05;939
29/09/2021;SOFR;0,05;872
28/09/2021;SOFR;0,05;883
27/09/2021;SOFR;0,05;927
24/09/2021;SOFR;0,05;896
23/09/2021;SOFR;0,05;878
22/09/2021;SOFR;0,05;879
21/09/2021;SOFR;0,05;894
20/09/2021;SOFR;0,05;928
17/09/2021;SOFR;0,05;884
16/09/2021;SOFR;0,05;905
15/09/2021;SOFR;0,05;942
14/09/2021;SOFR;0,05;893
13/09/2021;SOFR;0,05;914
10/09/2021;SOFR;0,05;891
09/09/2021;SOFR;0,05;917
08/09/2021;SOFR;0,05;896
07/09/2021;SOFR;0,05;945
03/09/2021;SOFR;0,05;883
02/09/2021;SOFR;0,05;952
01/09/2021;SOFR;0,05;936
31/08/2021;SOFR;0,05;953
30/08/2021;SOFR;0,05;885
27/08/2021;SOFR;0,05;920
26/08/2021;SOFR;0,05;864
25/08/2021;SOFR;0,05;912
24/08/2021;SOFR;0,05;923
23/08/2021;SOFR;0,05;899
20/08/2021;SOFR;0,05;902
19/08/2021;SOFR;0,05;925
18/08/2021;SOFR;0,05;935
17/08/2021;SOFR;0,05;905
16/08/2021;SOFR;0,05;906
13/08/2021;SOFR;0,05;893
12/08/2021;SOFR;0,05;909
11/08/2021;SOFR;0,05;904
10/08/2021;SOFR;0,05;865
09/08/2021;SOFR;0,05;884
06/08/2021;SOFR;0,05;891
05/08/2021;SOFR;0,05;901
04/08/2021;SOFR;0,05;926
03/08/2021;SOFR;0,05;974
02/08/2021;SOFR;0,05;986
30/07/2021;SOFR;0,05;903
29/07/2021;SOFR;0,05;877
28/07/2021;SOFR;0,05;862
27/07/2021;SOFR;0,05;874
26/07/2021;SOFR;0,05;881
23/07/2021;SOFR;0,05;861
22/07/2021;SOFR;0,05;849
21/07/2021;SOFR;0,05;913
20/07/2021;SOFR;0,05;855
19/07/2021;SOFR;0,05;888
16/07/2021;SOFR;0,05;864
15/07/2021;SOFR;0,05;933
14/07/2021;SOFR;0,05;908
13/07/2021;SOFR;0,05;875
12/07/2021;SOFR;0,05;855
09/07/2021;SOFR;0,05;911
08/07/2021;SOFR;0,05;874
07/07/2021;SOFR;0,05;905
06/07/2021;SOFR;0,05;934
02/07/2021;SOFR;0,05;910
01/07/2021;SOFR;0,05;938
30/06/2021;SOFR;0,05;871
29/06/2021;SOFR;0,05;850
28/06/2021;SOFR;0,05;853
25/06/2021;SOFR;0,05;850
24/06/2021;SOFR;0,05;868
23/06/2021;SOFR;0,05;835
22/06/2021;SOFR;0,05;888
21/06/2021;SOFR;0,05;894
18/06/2021;SOFR;0,05;921
17/06/2021;SOFR;0,05;998
16/06/2021;SOFR;0,01;900
15/06/2021;SOFR;0,01;905
14/06/2021;SOFR;0,01;877
11/06/2021;SOFR;0,01;834
10/06/2021;SOFR;0,01;904
09/06/2021;SOFR;0,01;896
08/06/2021;SOFR;0,01;896
07/06/2021;SOFR;0,01;921
04/06/2021;SOFR;0,01;898
03/06/2021;SOFR;0,01;903
02/06/2021;SOFR;0,01;953
01/06/2021;SOFR;0,01;977
28/05/2021;SOFR;0,01;868
27/05/2021;SOFR;0,01;877
26/05/2021;SOFR;0,01;869
25/05/2021;SOFR;0,01;877
24/05/2021;SOFR;0,01;858
21/05/2021;SOFR;0,01;857
20/05/2021;SOFR;0,01;872
19/05/2021;SOFR;0,01;891
18/05/2021;SOFR;0,01;888
17/05/2021;SOFR;0,01;902
14/05/2021;SOFR;0,01;865
13/05/2021;SOFR;0,01;860
12/05/2021;SOFR;0,01;895
11/05/2021;SOFR;0,01;865
10/05/2021;SOFR;0,01;869
07/05/2021;SOFR;0,01;869
06/05/2021;SOFR;0,01;883
05/05/2021;SOFR;0,01;841
04/05/2021;SOFR;0,01;895
03/05/2021;SOFR;0,01;930
30/04/2021;SOFR;0,01;924
29/04/2021;SOFR;0,01;838
28/04/2021;SOFR;0,01;847
27/04/2021;SOFR;0,01;879
26/04/2021;SOFR;0,01;875
23/04/2021;SOFR;0,01;871
22/04/2021;SOFR;0,01;870
21/04/2021;SOFR;0,01;882
20/04/2021;SOFR;0,01;896
19/04/2021;SOFR;0,01;919
16/04/2021;SOFR;0,01;913
15/04/2021;SOFR;0,01;928
14/04/2021;SOFR;0,01;883
13/04/2021;SOFR;0,01;894
12/04/2021;SOFR;0,01;863
09/04/2021;SOFR;0,01;867
08/04/2021;SOFR;0,01;896
07/04/2021;SOFR;0,01;924
06/04/2021;SOFR;0,01;979
05/04/2021;SOFR;0,01;985
01/04/2021;SOFR;0,01;989
31/03/2021;SOFR;0,01;931
30/03/2021;SOFR;0,01;808
29/03/2021;SOFR;0,01;858
26/03/2021;SOFR;0,01;924
25/03/2021;SOFR;0,01;956
24/03/2021;SOFR;0,01;895
23/03/2021;SOFR;0,01;896
22/03/2021;SOFR;0,01;869
19/03/2021;SOFR;0,01;865
18/03/2021;SOFR;0,01;868
17/03/2021;SOFR;0,01;883
16/03/2021;SOFR;0,01;914
15/03/2021;SOFR;0,01;898
12/03/2021;SOFR;0,01;889
11/03/2021;SOFR;0,01;884
10/03/2021;SOFR;0,02;914
09/03/2021;SOFR;0,02;914
08/03/2021;SOFR;0,02;928
05/03/2021;SOFR;0,02;933
04/03/2021;SOFR;0,02;936
03/03/2021;SOFR;0,04;897
02/03/2021;SOFR;0,04;951
01/03/2021;SOFR;0,02;988
26/02/2021;SOFR;0,01;889
25/02/2021;SOFR;0,03;896
24/02/2021;SOFR;0,02;870
23/02/2021;SOFR;0,01;917
22/02/2021;SOFR;0,03;860
19/02/2021;SOFR;0,02;873
18/02/2021;SOFR;0,03;872
17/02/2021;SOFR;0,06;957
16/02/2021;SOFR;0,06;934
12/02/2021;SOFR;0,05;890
11/02/2021;SOFR;0,06;891
10/02/2021;SOFR;0,06;884
09/02/2021;SOFR;0,05;901
08/02/2021;SOFR;0,02;920
05/02/2021;SOFR;0,02;933
04/02/2021;SOFR;0,05;989
03/02/2021;SOFR;0,07;962
02/02/2021;SOFR;0,07;968
01/02/2021;SOFR;0,07;1010
29/01/2021;SOFR;0,06;915
28/01/2021;SOFR;0,04;906
27/01/2021;SOFR;0,03;913
26/01/2021;SOFR;0,03;926
25/01/2021;SOFR;0,06;885
22/01/2021;SOFR;0,05;906
21/01/2021;SOFR;0,04;922
20/01/2021;SOFR;0,06;883
19/01/2021;SOFR;0,07;936
15/01/2021;SOFR;0,08;904
14/01/2021;SOFR;0,08;887
13/01/2021;SOFR;0,08;911
12/01/2021;SOFR;0,08;918
11/01/2021;SOFR;0,09;964
08/01/2021;SOFR;0,09;992
07/01/2021;SOFR;0,1;951
06/01/2021;SOFR;0,1;978
05/01/2021;SOFR;0,11;986
04/01/2021;SOFR;0,1;1046
31/12/2020;SOFR;0,07;1095
30/12/2020;SOFR;0,09;916
29/12/2020;SOFR;0,1;945
28/12/2020;SOFR;0,09;946
24/12/2020;SOFR;0,08;895
23/12/2020;SOFR;0,06;921
22/12/2020;SOFR;0,07;923
21/12/2020;SOFR;0,09;922
18/12/2020;SOFR;0,09;943
17/12/2020;SOFR;0,09;922
16/12/2020;SOFR;0,09;914
15/12/2020;SOFR;0,09;933
14/12/2020;SOFR;0,08;907
11/12/2020;SOFR;0,08;885
10/12/2020;SOFR;0,08;946
09/12/2020;SOFR;0,08;935
08/12/2020;SOFR;0,07;939
07/12/2020;SOFR;0,08;951
04/12/2020;SOFR;0,09;951
03/12/2020;SOFR;0,08;954
02/12/2020;SOFR;0,08;926
01/12/2020;SOFR;0,08;972
30/11/2020;SOFR;0,09;1055
27/11/2020;SOFR;0,08;900
25/11/2020;SOFR;0,08;937
24/11/2020;SOFR;0,07;910
23/11/2020;SOFR;0,05;913
20/11/2020;SOFR;0,05;920
19/11/2020;SOFR;0,06;911
18/11/2020;SOFR;0,07;941
17/11/2020;SOFR;0,09;970
16/11/2020;SOFR;0,1;953
13/11/2020;SOFR;0,09;904
12/11/2020;SOFR;0,09;912
10/11/2020;SOFR;0,1;923
09/11/2020;SOFR;0,1;904
06/11/2020;SOFR;0,1;888
05/11/2020;SOFR;0,11;938
04/11/2020;SOFR;0,1;899
03/11/2020;SOFR;0,1;948
02/11/2020;SOFR;0,11;956
30/10/2020;SOFR;0,09;873
29/10/2020;SOFR;0,09;866
28/10/2020;SOFR;0,08;910
27/10/2020;SOFR;0,09;931
26/10/2020;SOFR;0,09;921
23/10/2020;SOFR;0,08;915
22/10/2020;SOFR;0,07;929
21/10/2020;SOFR;0,07;943
20/10/2020;SOFR;0,08;918
19/10/2020;SOFR;0,09;903
16/10/2020;SOFR;0,09;914
15/10/2020;SOFR;0,1;952
14/10/2020;SOFR;0,09;885
13/10/2020;SOFR;0,09;930
09/10/2020;SOFR;0,09;894
08/10/2020;SOFR;0,08;924
07/10/2020;SOFR;0,09;925
06/10/2020;SOFR;0,1;920
05/10/2020;SOFR;0,09;955
02/10/2020;SOFR;0,1;927
01/10/2020;SOFR;0,08;1020
30/09/2020;SOFR;0,08;975
29/09/2020;SOFR;0,07;916
28/09/2020;SOFR;0,08;923
25/09/2020;SOFR;0,08;929
24/09/2020;SOFR;0,07;919
23/09/2020;SOFR;0,06;945
22/09/2020;SOFR;0,07;941
21/09/2020;SOFR;0,08;925
18/09/2020;SOFR;0,09;896
17/09/2020;SOFR;0,1;892
16/09/2020;SOFR;0,1;899
15/09/2020;SOFR;0,1;938
14/09/2020;SOFR;0,09;881
11/09/2020;SOFR;0,09;900
10/09/2020;SOFR;0,09;924
09/09/2020;SOFR;0,09;937
08/09/2020;SOFR;0,09;957
04/09/2020;SOFR;0,09;935
03/09/2020;SOFR;0,1;955
02/09/2020;SOFR;0,09;947
01/09/2020;SOFR;0,09;969
31/08/2020;SOFR;0,09;934
28/08/2020;SOFR;0,07;881
27/08/2020;SOFR;0,07;898
26/08/2020;SOFR;0,07;938
25/08/2020;SOFR;0,08;931
24/08/2020;SOFR;0,08;935
21/08/2020;SOFR;0,07;959
20/08/2020;SOFR;0,07;983
19/08/2020;SOFR;0,09;961
18/08/2020;SOFR;0,09;977
17/08/2020;SOFR;0,1;944
14/08/2020;SOFR;0,09;930
13/08/2020;SOFR;0,09;989
12/08/2020;SOFR;0,09;964
11/08/2020;SOFR;0,1;956
10/08/2020;SOFR;0,09;948
07/08/2020;SOFR;0,09;944
06/08/2020;SOFR;0,09;1029
05/08/2020;SOFR;0,09;1028
04/08/2020;SOFR;0,09;1051
03/08/2020;SOFR;0,1;991
31/07/2020;SOFR;0,1;1034
30/07/2020;SOFR;0,1;928
29/07/2020;SOFR;0,09;948
28/07/2020;SOFR;0,1;955
27/07/2020;SOFR;0,1;973
24/07/2020;SOFR;0,1;950
23/07/2020;SOFR;0,1;942
22/07/2020;SOFR;0,1;1031
21/07/2020;SOFR;0,11;963
20/07/2020;SOFR;0,12;975
17/07/2020;SOFR;0,12;988
16/07/2020;SOFR;0,12;957
15/07/2020;SOFR;0,13;939
14/07/2020;SOFR;0,11;972
13/07/2020;SOFR;0,1;960
10/07/2020;SOFR;0,1;942
09/07/2020;SOFR;0,1;984
08/07/2020;SOFR;0,1;954
07/07/2020;SOFR;0,1;969
06/07/2020;SOFR;0,1;977
02/07/2020;SOFR;0,11;952
01/07/2020;SOFR;0,11;1003
30/06/2020;SOFR;0,1;970
29/06/2020;SOFR;0,08;940
26/06/2020;SOFR;0,08;938
25/06/2020;SOFR;0,09;984
24/06/2020;SOFR;0,08;1015
23/06/2020;SOFR;0,07;992
22/06/2020;SOFR;0,08;1024
19/06/2020;SOFR;0,09;963
18/06/2020;SOFR;0,09;1046
17/06/2020;SOFR;0,09;1012
16/06/2020;SOFR;0,09;986
15/06/2020;SOFR;0,09;1000
12/06/2020;SOFR;0,08;969
11/06/2020;SOFR;0,08;1009
10/06/2020;SOFR;0,07;1008
09/06/2020;SOFR;0,08;1034
08/06/2020;SOFR;0,07;1032
05/06/2020;SOFR;0,07;1021
04/06/2020;SOFR;0,07;1067
03/06/2020;SOFR;0,06;1024
02/06/2020;SOFR;0,07;1054
01/06/2020;SOFR;0,06;1104
29/05/2020;SOFR;0,06;1061
28/05/2020;SOFR;0,06;1031
27/05/2020;SOFR;0,06;1069
26/05/2020;SOFR;0,06;1081
22/05/2020;SOFR;0,04;1085
21/05/2020;SOFR;0,02;1117
20/05/2020;SOFR;0,01;1103
19/05/2020;SOFR;0,04;1127
18/05/2020;SOFR;0,04;1130
15/05/2020;SOFR;0,05;1127
14/05/2020;SOFR;0,02;1102
13/05/2020;SOFR;0,04;1085
12/05/2020;SOFR;0,06;1142
11/05/2020;SOFR;0,06;1123
08/05/2020;SOFR;0,06;1142
07/05/2020;SOFR;0,05;1127
06/05/2020;SOFR;0,05;1127
05/05/2020;SOFR;0,05;1172
04/05/2020;SOFR;0,05;1184
01/05/2020;SOFR;0,03;1190
30/04/2020;SOFR;0,04;1180
29/04/2020;SOFR;0,01;1141
28/04/2020;SOFR;0,01;1165
27/04/2020;SOFR;0,03;1145
24/04/2020;SOFR;0,03;1208
23/04/2020;SOFR;0,01;1141
22/04/2020;SOFR;0,01;1158
21/04/2020;SOFR;0,01;1163
20/04/2020;SOFR;0,02;1158
17/04/2020;SOFR;0,03;1231
16/04/2020;SOFR;0,03;1223
15/04/2020;SOFR;0,03;1257
14/04/2020;SOFR;0,06;1152
13/04/2020;SOFR;0,02;1193
09/04/2020;SOFR;0,01;1160
08/04/2020;SOFR;0,01;1152
07/04/2020;SOFR;0,01;1226
06/04/2020;SOFR;0,01;1254
03/04/2020;SOFR;0,01;1266
02/04/2020;SOFR;0,01;1202
01/04/2020;SOFR;0,01;1226
31/03/2020;SOFR;0,01;1127
30/03/2020;SOFR;0,01;1157
27/03/2020;SOFR;0,01;1222
26/03/2020;SOFR;0,01;1233
25/03/2020;SOFR;0,01;1229
24/03/2020;SOFR;0,01;1280
23/03/2020;SOFR;0,02;1277
20/03/2020;SOFR;0,04;1235
19/03/2020;SOFR;0,06;1319
18/03/2020;SOFR;0,1;1358
17/03/2020;SOFR;0,54;1335
16/03/2020;SOFR;0,26;1306
13/03/2020;SOFR;1,1;1298
12/03/2020;SOFR;1,2;1293
11/03/2020;SOFR;1,15;1222
10/03/2020;SOFR;1,11;1264
09/03/2020;SOFR;1,09;1256
06/03/2020;SOFR;1,1;1295
05/03/2020;SOFR;1,12;1254
04/03/2020;SOFR;1,23;1261
03/03/2020;SOFR;1,64;1238
02/03/2020;SOFR;1,59;1291
28/02/2020;SOFR;1,6;1156
27/02/2020;SOFR;1,58;1106
26/02/2020;SOFR;1,58;1120
25/02/2020;SOFR;1,59;1122
24/02/2020;SOFR;1,58;1106
21/02/2020;SOFR;1,58;1099
20/02/2020;SOFR;1,6;1112
19/02/2020;SOFR;1,59;1128
18/02/2020;SOFR;1,6;1163
14/02/2020;SOFR;1,58;1086
13/02/2020;SOFR;1,57;1114
12/02/2020;SOFR;1,57;1124
11/02/2020;SOFR;1,58;1114
10/02/2020;SOFR;1,58;1111
07/02/2020;SOFR;1,58;1111
06/02/2020;SOFR;1,59;1105
05/02/2020;SOFR;1,59;1168
04/02/2020;SOFR;1,6;1161
03/02/2020;SOFR;1,59;1134
31/01/2020;SOFR;1,6;1149
30/01/2020;SOFR;1,58;1072
29/01/2020;SOFR;1,53;1082
28/01/2020;SOFR;1,53;1074
27/01/2020;SOFR;1,53;1051
24/01/2020;SOFR;1,53;1070
23/01/2020;SOFR;1,54;1051
22/01/2020;SOFR;1,54;1085
21/01/2020;SOFR;1,54;1067
17/01/2020;SOFR;1,54;1043
16/01/2020;SOFR;1,55;1069
15/01/2020;SOFR;1,56;1022
14/01/2020;SOFR;1,55;1009
13/01/2020;SOFR;1,54;1021
10/01/2020;SOFR;1,55;1013
09/01/2020;SOFR;1,55;1011
08/01/2020;SOFR;1,55;1007
07/01/2020;SOFR;1,56;1028
06/01/2020;SOFR;1,55;1034
03/01/2020;SOFR;1,55;1030
02/01/2020;SOFR;1,54;1123
31/12/2019;SOFR;1,55;1010
30/12/2019;SOFR;1,54;1036
27/12/2019;SOFR;1,53;1038
26/12/2019;SOFR;1,52;1000
24/12/2019;SOFR;1,52;1006
23/12/2019;SOFR;1,52;1027
20/12/2019;SOFR;1,53;967
19/12/2019;SOFR;1,53;988
18/12/2019;SOFR;1,53;1057
17/12/2019;SOFR;1,54;1014
16/12/2019;SOFR;1,62;1025
13/12/2019;SOFR;1,54;1017
12/12/2019;SOFR;1,53;1039
11/12/2019;SOFR;1,54;1056
10/12/2019;SOFR;1,55;1049
09/12/2019;SOFR;1,56;1042
06/12/2019;SOFR;1,55;1017
05/12/2019;SOFR;1,55;1017
04/12/2019;SOFR;1,54;1046
03/12/2019;SOFR;1,55;1050
02/12/2019;SOFR;1,63;1104
29/11/2019;SOFR;1,65;1004
27/11/2019;SOFR;1,55;1011
26/11/2019;SOFR;1,54;1056
25/11/2019;SOFR;1,56;994
22/11/2019;SOFR;1,58;1028
21/11/2019;SOFR;1,58;993
20/11/2019;SOFR;1,57;1001
19/11/2019;SOFR;1,57;1008
18/11/2019;SOFR;1,56;1012
15/11/2019;SOFR;1,59;1049
14/11/2019;SOFR;1,58;1027
13/11/2019;SOFR;1,57;1018
12/11/2019;SOFR;1,57;1064
08/11/2019;SOFR;1,56;1016
07/11/2019;SOFR;1,56;1066
06/11/2019;SOFR;1,57;1083
05/11/2019;SOFR;1,58;1062
04/11/2019;SOFR;1,56;1146
01/11/2019;SOFR;1,58;1118
31/10/2019;SOFR;1,76;1174
30/10/2019;SOFR;1,82;1099
29/10/2019;SOFR;1,81;1048
28/10/2019;SOFR;1,82;1089
25/10/2019;SOFR;1,84;1077
24/10/2019;SOFR;1,86;1086
23/10/2019;SOFR;1,87;1065
22/10/2019;SOFR;1,87;1079
21/10/2019;SOFR;1,86;1054
18/10/2019;SOFR;1,88;1120
17/10/2019;SOFR;1,95;1077
16/10/2019;SOFR;2,05;1086
15/10/2019;SOFR;2;1088
11/10/2019;SOFR;1,85;1024
10/10/2019;SOFR;1,85;1124
09/10/2019;SOFR;1,85;1061
08/10/2019;SOFR;1,85;1070
07/10/2019;SOFR;1,83;1070
04/10/2019;SOFR;1,82;1094
03/10/2019;SOFR;1,84;1120
02/10/2019;SOFR;1,85;1147
01/10/2019;SOFR;1,88;1183
30/09/2019;SOFR;2,35;1097
27/09/2019;SOFR;1,82;1084
26/09/2019;SOFR;1,85;1092
25/09/2019;SOFR;2,01;1080
24/09/2019;SOFR;1,96;1085
23/09/2019;SOFR;1,85;1140
20/09/2019;SOFR;1,86;1121
19/09/2019;SOFR;1,95;1137
18/09/2019;SOFR;2,55;1196
17/09/2019;SOFR;5,25;1177
16/09/2019;SOFR;2,43;1156
13/09/2019;SOFR;2,2;1134
12/09/2019;SOFR;2,2;1156
11/09/2019;SOFR;2,15;1179
10/09/2019;SOFR;2,14;1186
09/09/2019;SOFR;2,12;1243
06/09/2019;SOFR;2,15;1222
05/09/2019;SOFR;2,21;1197
04/09/2019;SOFR;2,21;1222
03/09/2019;SOFR;2,17;1281
30/08/2019;SOFR;2,16;1194
29/08/2019;SOFR;2,12;1196
28/08/2019;SOFR;2,12;1196
27/08/2019;SOFR;2,15;1197
26/08/2019;SOFR;2,1;1190
23/08/2019;SOFR;2,1;1130
22/08/2019;SOFR;2,09;1160
21/08/2019;SOFR;2,1;1188
20/08/2019;SOFR;2,13;1228
19/08/2019;SOFR;2,11;1241
16/08/2019;SOFR;2,13;1247
15/08/2019;SOFR;2,18;1218
14/08/2019;SOFR;2,13;1244
13/08/2019;SOFR;2,16;1183
12/08/2019;SOFR;2,12;1177
09/08/2019;SOFR;2,11;1186
08/08/2019;SOFR;2,09;1218
07/08/2019;SOFR;2,1;1196
06/08/2019;SOFR;2,11;1234
05/08/2019;SOFR;2,13;1253
02/08/2019;SOFR;2,19;1185
01/08/2019;SOFR;2,19;1183
31/07/2019;SOFR;2,55;1217
30/07/2019;SOFR;2,39;1158
29/07/2019;SOFR;2,4;1153
26/07/2019;SOFR;2,41;1142
25/07/2019;SOFR;2,42;1153
24/07/2019;SOFR;2,41;1139
23/07/2019;SOFR;2,4;1091
22/07/2019;SOFR;2,4;1123
19/07/2019;SOFR;2,41;1140
18/07/2019;SOFR;2,46;1114
17/07/2019;SOFR;2,47;1104
16/07/2019;SOFR;2,47;1102
15/07/2019;SOFR;2,46;1199
12/07/2019;SOFR;2,36;1138
11/07/2019;SOFR;2,41;1147
10/07/2019;SOFR;2,46;1139
09/07/2019;SOFR;2,45;1178
08/07/2019;SOFR;2,48;1211
05/07/2019;SOFR;2,59;1193
03/07/2019;SOFR;2,56;1213
02/07/2019;SOFR;2,51;1224
01/07/2019;SOFR;2,42;1181
28/06/2019;SOFR;2,5;1113
27/06/2019;SOFR;2,42;1117
26/06/2019;SOFR;2,43;1099
25/06/2019;SOFR;2,41;1101
24/06/2019;SOFR;2,39;1092
21/06/2019;SOFR;2,37;1103
20/06/2019;SOFR;2,36;1067
19/06/2019;SOFR;2,36;1059
18/06/2019;SOFR;2,39;1059
17/06/2019;SOFR;2,41;1098
14/06/2019;SOFR;2,35;1047
13/06/2019;SOFR;2,35;1039
12/06/2019;SOFR;2,37;1099
11/06/2019;SOFR;2,38;1048
10/06/2019;SOFR;2,39;1112
07/06/2019;SOFR;2,39;1104
06/06/2019;SOFR;2,4;1031
05/06/2019;SOFR;2,4;1082
04/06/2019;SOFR;2,39;1110
03/06/2019;SOFR;2,4;1162
31/05/2019;SOFR;2,49;1136
30/05/2019;SOFR;2,4;1083
29/05/2019;SOFR;2,4;1099
28/05/2019;SOFR;2,41;1085
24/05/2019;SOFR;2,37;1038
23/05/2019;SOFR;2,37;1039
22/05/2019;SOFR;2,37;1037
21/05/2019;SOFR;2,38;1017
20/05/2019;SOFR;2,39;1038
17/05/2019;SOFR;2,42;1036
16/05/2019;SOFR;2,43;1030
15/05/2019;SOFR;2,48;1052
14/05/2019;SOFR;2,39;1012
13/05/2019;SOFR;2,38;1007
10/05/2019;SOFR;2,4;1034
09/05/2019;SOFR;2,41;1011
08/05/2019;SOFR;2,43;1034
07/05/2019;SOFR;2,44;1069
06/05/2019;SOFR;2,42;1021
03/05/2019;SOFR;2,43;1076
02/05/2019;SOFR;2,5;1053
01/05/2019;SOFR;2,54;1074
30/04/2019;SOFR;2,76;1084
29/04/2019;SOFR;2,48;968
26/04/2019;SOFR;2,46;982
25/04/2019;SOFR;2,45;962
24/04/2019;SOFR;2,44;1018
23/04/2019;SOFR;2,46;969
22/04/2019;SOFR;2,46;978
18/04/2019;SOFR;2,5;979
17/04/2019;SOFR;2,5;954
16/04/2019;SOFR;2,47;961
15/04/2019;SOFR;2,47;968
12/04/2019;SOFR;2,44;955
11/04/2019;SOFR;2,44;974
10/04/2019;SOFR;2,45;945
09/04/2019;SOFR;2,45;970
08/04/2019;SOFR;2,46;949
05/04/2019;SOFR;2,46;976
04/04/2019;SOFR;2,46;1000
03/04/2019;SOFR;2,47;987
02/04/2019;SOFR;2,46;978
01/04/2019;SOFR;2,46;978
29/03/2019;SOFR;2,65;897
28/03/2019;SOFR;2,43;898
27/03/2019;SOFR;2,4;879
26/03/2019;SOFR;2,4;901
25/03/2019;SOFR;2,4;919
22/03/2019;SOFR;2,4;889
21/03/2019;SOFR;2,44;921
20/03/2019;SOFR;2,47;928
19/03/2019;SOFR;2,42;945
18/03/2019;SOFR;2,41;942
15/03/2019;SOFR;2,46;940
14/03/2019;SOFR;2,42;879
13/03/2019;SOFR;2,4;925
12/03/2019;SOFR;2,39;916
11/03/2019;SOFR;2,38;949
08/03/2019;SOFR;2,39;954
07/03/2019;SOFR;2,38;972
06/03/2019;SOFR;2,38;977
05/03/2019;SOFR;2,38;956
04/03/2019;SOFR;2,38;965
01/03/2019;SOFR;2,38;1007
28/02/2019;SOFR;2,58;1003
27/02/2019;SOFR;2,37;898
26/02/2019;SOFR;2,38;919
25/02/2019;SOFR;2,38;938
22/02/2019;SOFR;2,4;894
21/02/2019;SOFR;2,39;886
20/02/2019;SOFR;2,39;913
19/02/2019;SOFR;2,4;941
15/02/2019;SOFR;2,43;913
14/02/2019;SOFR;2,39;862
13/02/2019;SOFR;2,38;928
12/02/2019;SOFR;2,39;920
11/02/2019;SOFR;2,4;984
08/02/2019;SOFR;2,37;912
07/02/2019;SOFR;2,38;918
06/02/2019;SOFR;2,38;942
05/02/2019;SOFR;2,4;932
04/02/2019;SOFR;2,4;964
01/02/2019;SOFR;2,47;993
31/01/2019;SOFR;2,58;1048
30/01/2019;SOFR;2,39;948
29/01/2019;SOFR;2,4;934
28/01/2019;SOFR;2,39;981
25/01/2019;SOFR;2,4;915
24/01/2019;SOFR;2,41;994
23/01/2019;SOFR;2,4;956
22/01/2019;SOFR;2,41;967
18/01/2019;SOFR;2,42;974
17/01/2019;SOFR;2,41;969
16/01/2019;SOFR;2,43;988
15/01/2019;SOFR;2,46;991
14/01/2019;SOFR;2,4;977
11/01/2019;SOFR;2,41;973
10/01/2019;SOFR;2,43;1026
09/01/2019;SOFR;2,45;1032
08/01/2019;SOFR;2,42;1070
07/01/2019;SOFR;2,41;1052
04/01/2019;SOFR;2,45;1041
03/01/2019;SOFR;2,7;1063
02/01/2019;SOFR;3,15;1092
31/12/2018;SOFR;3;1000
28/12/2018;SOFR;2,46;927
27/12/2018;SOFR;2,44;943
26/12/2018;SOFR;2,44;957
24/12/2018;SOFR;2,41;881
21/12/2018;SOFR;2,4;927
20/12/2018;SOFR;2,41;963
19/12/2018;SOFR;2,3;910
18/12/2018;SOFR;2,32;920
17/12/2018;SOFR;2,31;935
14/12/2018;SOFR;2,21;867
13/12/2018;SOFR;2,21;897
12/12/2018;SOFR;2,2;882
11/12/2018;SOFR;2,19;868
10/12/2018;SOFR;2,22;903
07/12/2018;SOFR;2,3;912
06/12/2018;SOFR;2,34;963
04/12/2018;SOFR;2,27;892
03/12/2018;SOFR;2,23;912
30/11/2018;SOFR;2,28;919
29/11/2018;SOFR;2,24;850
28/11/2018;SOFR;2,19;850
27/11/2018;SOFR;2,19;843
26/11/2018;SOFR;2,2;862
23/11/2018;SOFR;2,23;820
21/11/2018;SOFR;2,18;819
20/11/2018;SOFR;2,2;845
19/11/2018;SOFR;2,24;863
16/11/2018;SOFR;2,26;828
15/11/2018;SOFR;2,28;846
14/11/2018;SOFR;2,2;803
13/11/2018;SOFR;2,2;817
09/11/2018;SOFR;2,2;836
08/11/2018;SOFR;2,21;819
07/11/2018;SOFR;2,18;823
06/11/2018;SOFR;2,22;802
05/11/2018;SOFR;2,24;842
02/11/2018;SOFR;2,25;853
01/11/2018;SOFR;2,22;835
31/10/2018;SOFR;2,22;849
30/10/2018;SOFR;2,18;788
29/10/2018;SOFR;2,18;806
26/10/2018;SOFR;2,19;779
25/10/2018;SOFR;2,19;822
24/10/2018;SOFR;2,18;828
23/10/2018;SOFR;2,17;779
22/10/2018;SOFR;2,18;791
19/10/2018;SOFR;2,19;785
18/10/2018;SOFR;2,19;810
17/10/2018;SOFR;2,18;771
16/10/2018;SOFR;2,18;816
15/10/2018;SOFR;2,21;837
12/10/2018;SOFR;2,18;852
11/10/2018;SOFR;2,17;838
10/10/2018;SOFR;2,15;839
09/10/2018;SOFR;2,15;855
05/10/2018;SOFR;2,16;873
04/10/2018;SOFR;2,18;816
03/10/2018;SOFR;2,2;855
02/10/2018;SOFR;2,2;861
01/10/2018;SOFR;2,22;917
28/09/2018;SOFR;2,25;807
27/09/2018;SOFR;2,16;825
26/09/2018;SOFR;1,92;828
25/09/2018;SOFR;1,93;814
24/09/2018;SOFR;1,95;799
21/09/2018;SOFR;1,92;781
20/09/2018;SOFR;1,92;808
19/09/2018;SOFR;1,92;794
18/09/2018;SOFR;1,94;819
17/09/2018;SOFR;2;789
14/09/2018;SOFR;1,95;798
13/09/2018;SOFR;1,94;810
12/09/2018;SOFR;1,94;810
11/09/2018;SOFR;1,94;802
10/09/2018;SOFR;1,94;816
07/09/2018;SOFR;1,94;802
06/09/2018;SOFR;1,94;799
05/09/2018;SOFR;1,95;798
04/09/2018;SOFR;1,95;833
31/08/2018;SOFR;1,97;804
30/08/2018;SOFR;1,93;795
29/08/2018;SOFR;1,93;797
28/08/2018;SOFR;1,95;805
27/08/2018;SOFR;1,95;814
24/08/2018;SOFR;1,95;773
23/08/2018;SOFR;1,94;773
22/08/2018;SOFR;1,9;787
21/08/2018;SOFR;1,9;772
20/08/2018;SOFR;1,9;778
17/08/2018;SOFR;1,9;799
16/08/2018;SOFR;1,99;782
15/08/2018;SOFR;1,98;807
14/08/2018;SOFR;1,93;729
13/08/2018;SOFR;1,91;733
10/08/2018;SOFR;1,9;735
09/08/2018;SOFR;1,91;761
08/08/2018;SOFR;1,88;738
07/08/2018;SOFR;1,87;732
06/08/2018;SOFR;1,86;763
03/08/2018;SOFR;1,86;763
02/08/2018;SOFR;1,91;781
01/08/2018;SOFR;1,88;786
31/07/2018;SOFR;1,93;799
30/07/2018;SOFR;1,88;768
27/07/2018;SOFR;1,88;774
26/07/2018;SOFR;1,9;784
25/07/2018;SOFR;1,87;753
24/07/2018;SOFR;1,9;775
23/07/2018;SOFR;1,87;764
20/07/2018;SOFR;1,88;773
19/07/2018;SOFR;1,9;769
18/07/2018;SOFR;1,9;783
17/07/2018;SOFR;1,92;766
16/07/2018;SOFR;1,95;767
13/07/2018;SOFR;1,9;735
12/07/2018;SOFR;1,9;747
11/07/2018;SOFR;1,89;766
10/07/2018;SOFR;1,89;762
09/07/2018;SOFR;1,89;784
06/07/2018;SOFR;1,93;760
05/07/2018;SOFR;1,97;807
03/07/2018;SOFR;2;768
02/07/2018;SOFR;2,04;775
29/06/2018;SOFR;2,12;702
28/06/2018;SOFR;1,93;768
27/06/2018;SOFR;1,9;760
26/06/2018;SOFR;1,9;757
25/06/2018;SOFR;1,91;755
22/06/2018;SOFR;1,92;742
21/06/2018;SOFR;1,87;753
20/06/2018;SOFR;1,87;769
19/06/2018;SOFR;1,88;799
18/06/2018;SOFR;1,9;799
15/06/2018;SOFR;1,91;802
14/06/2018;SOFR;1,9;818
13/06/2018;SOFR;1,71;817
12/06/2018;SOFR;1,67;774
11/06/2018;SOFR;1,69;791
08/06/2018;SOFR;1,69;806
07/06/2018;SOFR;1,71;813
06/06/2018;SOFR;1,73;805
05/06/2018;SOFR;1,75;797
04/06/2018;SOFR;1,8;825
01/06/2018;SOFR;1,81;807
31/05/2018;SOFR;1,81;872
30/05/2018;SOFR;1,72;801
29/05/2018;SOFR;1,72;796
25/05/2018;SOFR;1,73;749
24/05/2018;SOFR;1,74;772
23/05/2018;SOFR;1,67;729
22/05/2018;SOFR;1,65;748
21/05/2018;SOFR;1,69;772
18/05/2018;SOFR;1,73;750
17/05/2018;SOFR;1,74;754
16/05/2018;SOFR;1,75;754
15/05/2018;SOFR;1,79;770
14/05/2018;SOFR;1,75;741
11/05/2018;SOFR;1,73;746
10/05/2018;SOFR;1,73;737
09/05/2018;SOFR;1,72;783
08/05/2018;SOFR;1,72;746
07/05/2018;SOFR;1,71;760
04/05/2018;SOFR;1,72;752
03/05/2018;SOFR;1,74;759
02/05/2018;SOFR;1,75;753
01/05/2018;SOFR;1,76;761
30/04/2018;SOFR;1,77;775
27/04/2018;SOFR;1,72;732
26/04/2018;SOFR;1,72;725
25/04/2018;SOFR;1,71;728
24/04/2018;SOFR;1,71;747
23/04/2018;SOFR;1,7;755
20/04/2018;SOFR;1,72;726
19/04/2018;SOFR;1,73;745
18/04/2018;SOFR;1,75;738
17/04/2018;SOFR;1,76;729
16/04/2018;SOFR;1,77;770
13/04/2018;SOFR;1,72;776
12/04/2018;SOFR;1,73;871
11/04/2018;SOFR;1,76;811
10/04/2018;SOFR;1,75;811
09/04/2018;SOFR;1,75;833
06/04/2018;SOFR;1,75;845
05/04/2018;SOFR;1,75;829
04/04/2018;SOFR;1,74;859
03/04/2018;SOFR;1,83;825
02/04/2018;SOFR;1,8;849
